id,filename,split,y,a,gpt-4o_caption
1,/restricted/projectnb/batmanlab/shawn24/PhD/Multimodal-mistakes-debug/data/metashift/MetaShift-Cat-Dog-indoor-outdoor/train/cat/cat(indoor)/2394894.jpg,1,1,1,"The image shows a bento box with neatly arranged food, including rice, pastries, vegetables, and snacks with playful packaging."
2,/restricted/projectnb/batmanlab/shawn24/PhD/Multimodal-mistakes-debug/data/metashift/MetaShift-Cat-Dog-indoor-outdoor/train/cat/cat(indoor)/2320704.jpg,1,1,1,"A cat peeks through a curtain, looking out of a window with a snowy landscape outside."
8,/restricted/projectnb/batmanlab/shawn24/PhD/Multimodal-mistakes-debug/data/metashift/MetaShift-Cat-Dog-indoor-outdoor/train/cat/cat(indoor)/2328589.jpg,1,1,1,"A couple is sitting on a couch with a laptop, snuggled under blankets, while a cat rests on their laps. Two soda cans are nearby on a small table."
18,/restricted/projectnb/batmanlab/shawn24/PhD/Multimodal-mistakes-debug/data/metashift/MetaShift-Cat-Dog-indoor-outdoor/train/cat/cat(indoor)/2398910.jpg,1,1,1,"A black cat is lying on an open laptop, appearing to look at the screen. The setting is indoors, on a bed or couch."
22,/restricted/projectnb/batmanlab/shawn24/PhD/Multimodal-mistakes-debug/data/metashift/MetaShift-Cat-Dog-indoor-outdoor/train/cat/cat(indoor)/2337840.jpg,1,1,1,"The image shows a cat's head in front of two bowls, one with cat food and the other empty, and a food packet placed on a newspaper."
34,/restricted/projectnb/batmanlab/shawn24/PhD/Multimodal-mistakes-debug/data/metashift/MetaShift-Cat-Dog-indoor-outdoor/train/cat/cat(indoor)/2370471.jpg,1,1,1,"A group of children are holding colorful objects, likely enjoying a day out, while an adult nearby is drinking from a bottle."
38,/restricted/projectnb/batmanlab/shawn24/PhD/Multimodal-mistakes-debug/data/metashift/MetaShift-Cat-Dog-indoor-outdoor/train/cat/cat(indoor)/2367014.jpg,1,1,1,"A tabby cat is lounging on a couch, resting its paw on a remote control."
42,/restricted/projectnb/batmanlab/shawn24/PhD/Multimodal-mistakes-debug/data/metashift/MetaShift-Cat-Dog-indoor-outdoor/train/cat/cat(indoor)/2371747.jpg,1,1,1,"A fluffy cat is lying on a desk next to a laptop and trackball mouse, appearing curious or relaxed."
47,/restricted/projectnb/batmanlab/shawn24/PhD/Multimodal-mistakes-debug/data/metashift/MetaShift-Cat-Dog-indoor-outdoor/train/cat/cat(indoor)/2382240.jpg,1,1,1,"A person is sitting on a couch holding a relaxed cat, both appear calm and comfortable. There's a remote control on the person's lap, and a checkered blanket is on the couch."
50,/restricted/projectnb/batmanlab/shawn24/PhD/Multimodal-mistakes-debug/data/metashift/MetaShift-Cat-Dog-indoor-outdoor/train/cat/cat(indoor)/2329132.jpg,1,1,1,"A person is sitting at a desk with a fluffy orange cat lying on their lap, while computer screens display content in the background."
53,/restricted/projectnb/batmanlab/shawn24/PhD/Multimodal-mistakes-debug/data/metashift/MetaShift-Cat-Dog-indoor-outdoor/train/cat/cat(indoor)/2341660.jpg,1,1,1,A cat is curled up sleeping on a person's lap next to a laptop. The person is wearing a blue shirt and resting on a green blanket.
57,/restricted/projectnb/batmanlab/shawn24/PhD/Multimodal-mistakes-debug/data/metashift/MetaShift-Cat-Dog-indoor-outdoor/train/cat/cat(indoor)/2320069.jpg,1,1,1,Two orange cats are playfully interacting on a maroon office chair. One cat is gently biting the other in a playful manner.
72,/restricted/projectnb/batmanlab/shawn24/PhD/Multimodal-mistakes-debug/data/metashift/MetaShift-Cat-Dog-indoor-outdoor/train/cat/cat(indoor)/2387741.jpg,1,1,1,"A black and white cat is sitting on top of a refrigerator, surrounded by various kitchen items like a banana bunch and cardboard box."
81,/restricted/projectnb/batmanlab/shawn24/PhD/Multimodal-mistakes-debug/data/metashift/MetaShift-Cat-Dog-indoor-outdoor/train/cat/cat(indoor)/2411356.jpg,1,1,1,A black and white dog is resting on a couch with an empty beer bottle balanced on its side.
94,/restricted/projectnb/batmanlab/shawn24/PhD/Multimodal-mistakes-debug/data/metashift/MetaShift-Cat-Dog-indoor-outdoor/train/cat/cat(indoor)/2330889.jpg,1,1,1,"A cozy living room features a large TV, patterned couch, and wooden furniture, with various items scattered on the coffee table. Natural light filters in from a window, adding a warm ambiance."
95,/restricted/projectnb/batmanlab/shawn24/PhD/Multimodal-mistakes-debug/data/metashift/MetaShift-Cat-Dog-indoor-outdoor/train/cat/cat(indoor)/2351474.jpg,1,1,1,"A ginger cat sits on a bed with green and yellow pillows, against a bright yellow wall."
112,/restricted/projectnb/batmanlab/shawn24/PhD/Multimodal-mistakes-debug/data/metashift/MetaShift-Cat-Dog-indoor-outdoor/train/cat/cat(indoor)/2394077.jpg,1,1,1,"A tabby cat is lying on a bed, playfully engaging with a colorful toy using its paws."
113,/restricted/projectnb/batmanlab/shawn24/PhD/Multimodal-mistakes-debug/data/metashift/MetaShift-Cat-Dog-indoor-outdoor/train/cat/cat(indoor)/2408809.jpg,1,1,1,"A cat sits on a cabinet in front of a TV displaying nature scenes, surrounded by holiday decorations and stuffed animals."
114,/restricted/projectnb/batmanlab/shawn24/PhD/Multimodal-mistakes-debug/data/metashift/MetaShift-Cat-Dog-indoor-outdoor/train/cat/cat(indoor)/2384738.jpg,1,1,1,"A cluttered workspace includes a desktop computer, various items like a keyboard and mouse, and a cat curled up on the desk."
118,/restricted/projectnb/batmanlab/shawn24/PhD/Multimodal-mistakes-debug/data/metashift/MetaShift-Cat-Dog-indoor-outdoor/train/cat/cat(indoor)/2334208.jpg,1,1,1,Two tabby cats are on a patterned couch surrounded by various remote controls and papers.
129,/restricted/projectnb/batmanlab/shawn24/PhD/Multimodal-mistakes-debug/data/metashift/MetaShift-Cat-Dog-indoor-outdoor/train/cat/cat(indoor)/2337662.jpg,1,1,1,A cat is intently watching a television screen that shows two cats.
172,/restricted/projectnb/batmanlab/shawn24/PhD/Multimodal-mistakes-debug/data/metashift/MetaShift-Cat-Dog-indoor-outdoor/train/cat/cat(indoor)/2416021.jpg,1,1,1,A black cat with bright green eyes is lying on a desk with a keyboard and monitor.
180,/restricted/projectnb/batmanlab/shawn24/PhD/Multimodal-mistakes-debug/data/metashift/MetaShift-Cat-Dog-indoor-outdoor/train/cat/cat(indoor)/2380683.jpg,1,1,1,"A cat is sitting on a laptop keyboard in a dimly lit room, with fruit on the table and artwork on the wall."
189,/restricted/projectnb/batmanlab/shawn24/PhD/Multimodal-mistakes-debug/data/metashift/MetaShift-Cat-Dog-indoor-outdoor/train/cat/cat(indoor)/2357400.jpg,1,1,1,"Two cats are curled up sleeping on a checkered sofa, surrounded by backpacks and a box."
191,/restricted/projectnb/batmanlab/shawn24/PhD/Multimodal-mistakes-debug/data/metashift/MetaShift-Cat-Dog-indoor-outdoor/train/cat/cat(indoor)/2318834.jpg,1,1,1,"A cat is eating food from a bowl placed on a blue mat, with canned food visible in the background."
225,/restricted/projectnb/batmanlab/shawn24/PhD/Multimodal-mistakes-debug/data/metashift/MetaShift-Cat-Dog-indoor-outdoor/train/cat/cat(indoor)/2416805.jpg,1,1,1,"A man is resting on a couch with a sphynx cat cuddled up to him, covered with a blanket."
227,/restricted/projectnb/batmanlab/shawn24/PhD/Multimodal-mistakes-debug/data/metashift/MetaShift-Cat-Dog-indoor-outdoor/train/cat/cat(indoor)/2329733.jpg,1,1,1,A ginger cat is lying on a windowsill in a room with light blue walls and an open window. The setting appears cozy and relaxed.
242,/restricted/projectnb/batmanlab/shawn24/PhD/Multimodal-mistakes-debug/data/metashift/MetaShift-Cat-Dog-indoor-outdoor/train/cat/cat(indoor)/2354644.jpg,1,1,1,"A tabby cat is lounging comfortably on top of a wooden shelf, appearing relaxed. The background is a plain light-colored wall."
248,/restricted/projectnb/batmanlab/shawn24/PhD/Multimodal-mistakes-debug/data/metashift/MetaShift-Cat-Dog-indoor-outdoor/train/cat/cat(indoor)/2362385.jpg,1,1,1,Two orange cats wearing Santa hats are sitting on a red blanket.
250,/restricted/projectnb/batmanlab/shawn24/PhD/Multimodal-mistakes-debug/data/metashift/MetaShift-Cat-Dog-indoor-outdoor/train/cat/cat(indoor)/2337170.jpg,1,1,1,"A gray tabby cat is lounging on a bed, with a red plaid shirt and soft blankets surrounding it. The image gives a cozy and relaxed atmosphere."
260,/restricted/projectnb/batmanlab/shawn24/PhD/Multimodal-mistakes-debug/data/metashift/MetaShift-Cat-Dog-indoor-outdoor/train/cat/cat(indoor)/2368640.jpg,1,1,1,A calico cat is intently watching a TV screen displaying an image of an owl perched on a tree branch.
271,/restricted/projectnb/batmanlab/shawn24/PhD/Multimodal-mistakes-debug/data/metashift/MetaShift-Cat-Dog-indoor-outdoor/train/cat/cat(indoor)/2317596.jpg,1,1,1,"A fluffy cat is curled up inside a terracotta planter, resting beside a pair of boots in an outdoor setting."
327,/restricted/projectnb/batmanlab/shawn24/PhD/Multimodal-mistakes-debug/data/metashift/MetaShift-Cat-Dog-indoor-outdoor/train/cat/cat(indoor)/2347638.jpg,1,1,1,"A baby with a pacifier is lying on a bed next to an orange cat, with a mirror reflecting the scene."
328,/restricted/projectnb/batmanlab/shawn24/PhD/Multimodal-mistakes-debug/data/metashift/MetaShift-Cat-Dog-indoor-outdoor/train/cat/cat(indoor)/2370516.jpg,1,1,1,"A cat peers out from a leopard print tunnel, looking at a red sneaker in the foreground."
336,/restricted/projectnb/batmanlab/shawn24/PhD/Multimodal-mistakes-debug/data/metashift/MetaShift-Cat-Dog-indoor-outdoor/train/cat/cat(indoor)/2345284.jpg,1,1,1,A black and white cat is drinking water from a toilet bowl in a bathroom that has blue rugs and a package of toilet paper nearby.
338,/restricted/projectnb/batmanlab/shawn24/PhD/Multimodal-mistakes-debug/data/metashift/MetaShift-Cat-Dog-indoor-outdoor/train/cat/cat(indoor)/2344983.jpg,1,1,1,A person is trying to balance a small dog on a skateboard inside a home. The scene is captured on a wooden floor in front of a kitchen area.
341,/restricted/projectnb/batmanlab/shawn24/PhD/Multimodal-mistakes-debug/data/metashift/MetaShift-Cat-Dog-indoor-outdoor/train/cat/cat(indoor)/2371852.jpg,1,1,1,"A cat is sleeping on a desk next to a computer monitor displaying code, with a closed laptop and a white keyboard nearby."
353,/restricted/projectnb/batmanlab/shawn24/PhD/Multimodal-mistakes-debug/data/metashift/MetaShift-Cat-Dog-indoor-outdoor/train/cat/cat(indoor)/2336083.jpg,1,1,1,A white and orange cat is curiously exploring a black bag on a wooden floor.
367,/restricted/projectnb/batmanlab/shawn24/PhD/Multimodal-mistakes-debug/data/metashift/MetaShift-Cat-Dog-indoor-outdoor/train/cat/cat(indoor)/2416658.jpg,1,1,1,A gray tabby cat with a collar sits on a beige couch next to a remote control.
374,/restricted/projectnb/batmanlab/shawn24/PhD/Multimodal-mistakes-debug/data/metashift/MetaShift-Cat-Dog-indoor-outdoor/train/cat/cat(indoor)/2326609.jpg,1,1,1,"Two cats are lounging on a bed, one is black and white and the other is brown tabby. They appear relaxed and cozy among a few soft blankets."
380,/restricted/projectnb/batmanlab/shawn24/PhD/Multimodal-mistakes-debug/data/metashift/MetaShift-Cat-Dog-indoor-outdoor/train/cat/cat(indoor)/2385302.jpg,1,1,1,"A tabby cat is looking upward, sitting near a black bag with a white skull and crossbones design."
381,/restricted/projectnb/batmanlab/shawn24/PhD/Multimodal-mistakes-debug/data/metashift/MetaShift-Cat-Dog-indoor-outdoor/train/cat/cat(indoor)/2354698.jpg,1,1,1,Two black and white cats are comfortably resting on orange pet beds placed on a dark sofa.
400,/restricted/projectnb/batmanlab/shawn24/PhD/Multimodal-mistakes-debug/data/metashift/MetaShift-Cat-Dog-indoor-outdoor/train/cat/cat(indoor)/2407287.jpg,1,1,1,A fluffy white and tabby cat is wearing a knitted hat and lying on colorful clothes. The background includes books or DVDs on a shelf.
405,/restricted/projectnb/batmanlab/shawn24/PhD/Multimodal-mistakes-debug/data/metashift/MetaShift-Cat-Dog-indoor-outdoor/train/cat/cat(indoor)/2379768.jpg,1,1,1,A black cat is sitting on a wooden desk next to an open laptop with a blue screen.
424,/restricted/projectnb/batmanlab/shawn24/PhD/Multimodal-mistakes-debug/data/metashift/MetaShift-Cat-Dog-indoor-outdoor/train/cat/cat(indoor)/2412419.jpg,1,1,1,"A cat is comfortably sleeping on someone's lap in a cozy setting with a table nearby holding various items, including a laptop and drinks."
455,/restricted/projectnb/batmanlab/shawn24/PhD/Multimodal-mistakes-debug/data/metashift/MetaShift-Cat-Dog-indoor-outdoor/train/cat/cat(indoor)/2388543.jpg,1,1,1,"A cat is sitting beside an open laptop on a cluttered desk. The laptop screen displays some text and a list, with a mouse and other items nearby."
458,/restricted/projectnb/batmanlab/shawn24/PhD/Multimodal-mistakes-debug/data/metashift/MetaShift-Cat-Dog-indoor-outdoor/train/cat/cat(indoor)/2408894.jpg,1,1,1,A fluffy cat is comfortably lying inside an open suitcase. The suitcase appears empty and is lined with gray fabric.
494,/restricted/projectnb/batmanlab/shawn24/PhD/Multimodal-mistakes-debug/data/metashift/MetaShift-Cat-Dog-indoor-outdoor/train/cat/cat(indoor)/2335240.jpg,1,1,1,"Two cats are sitting on a yellow patterned couch, gazing out of a window."
500,/restricted/projectnb/batmanlab/shawn24/PhD/Multimodal-mistakes-debug/data/metashift/MetaShift-Cat-Dog-indoor-outdoor/train/cat/cat(indoor)/2321620.jpg,1,1,1,"A black cat is peeking out from under a blue blanket on a bed, with a mirror reflecting a tidy room in the background."
515,/restricted/projectnb/batmanlab/shawn24/PhD/Multimodal-mistakes-debug/data/metashift/MetaShift-Cat-Dog-indoor-outdoor/train/cat/cat(indoor)/2403146.jpg,1,1,1,"A cat is standing on its hind legs, peering into a drawer in a bathroom. The toilet and shower curtain are visible in the background."
526,/restricted/projectnb/batmanlab/shawn24/PhD/Multimodal-mistakes-debug/data/metashift/MetaShift-Cat-Dog-indoor-outdoor/train/cat/cat(indoor)/2340179.jpg,1,1,1,"The image shows a tabby and white cat lying on a cushioned surface, with a bookshelf in the background."
534,/restricted/projectnb/batmanlab/shawn24/PhD/Multimodal-mistakes-debug/data/metashift/MetaShift-Cat-Dog-indoor-outdoor/train/cat/cat(indoor)/2361796.jpg,1,1,1,A fluffy black cat is lounging on a pillow next to a table with a TV remote on it.
549,/restricted/projectnb/batmanlab/shawn24/PhD/Multimodal-mistakes-debug/data/metashift/MetaShift-Cat-Dog-indoor-outdoor/train/cat/cat(indoor)/2373001.jpg,1,1,1,A black cat is curiously peering into the bowl of a toilet in a room with plants and other household items.
552,/restricted/projectnb/batmanlab/shawn24/PhD/Multimodal-mistakes-debug/data/metashift/MetaShift-Cat-Dog-indoor-outdoor/train/cat/cat(indoor)/2405619.jpg,1,1,1,"A fluffy, light-colored cat is standing on a bed covered with a colorful blanket, near a stack of books or magazines. The room has a cozy atmosphere with natural light coming through the window."
558,/restricted/projectnb/batmanlab/shawn24/PhD/Multimodal-mistakes-debug/data/metashift/MetaShift-Cat-Dog-indoor-outdoor/train/cat/cat(indoor)/2321421.jpg,1,1,1,"A ginger cat with a blue collar is sitting on a cobblestone path, looking to the side with a decorative bicycle on the wall in the background."
574,/restricted/projectnb/batmanlab/shawn24/PhD/Multimodal-mistakes-debug/data/metashift/MetaShift-Cat-Dog-indoor-outdoor/train/cat/cat(indoor)/2383592.jpg,1,1,1,"A cat is sitting in front of a TV, intently watching a news segment featuring an image of a person."
585,/restricted/projectnb/batmanlab/shawn24/PhD/Multimodal-mistakes-debug/data/metashift/MetaShift-Cat-Dog-indoor-outdoor/train/cat/cat(indoor)/2318038.jpg,1,1,1,"A cat is lying on a cushion behind a glass window, basking in sunlight with its head tilted back."
592,/restricted/projectnb/batmanlab/shawn24/PhD/Multimodal-mistakes-debug/data/metashift/MetaShift-Cat-Dog-indoor-outdoor/train/cat/cat(indoor)/2330048.jpg,1,1,1,A cat is intently staring at a laptop displaying an abstract green and black desktop background.
617,/restricted/projectnb/batmanlab/shawn24/PhD/Multimodal-mistakes-debug/data/metashift/MetaShift-Cat-Dog-indoor-outdoor/train/cat/cat(indoor)/2373100.jpg,1,1,1,"A cat is inside, looking at another cat outside through a glass door, with plants and a sunny room creating a warm atmosphere."
627,/restricted/projectnb/batmanlab/shawn24/PhD/Multimodal-mistakes-debug/data/metashift/MetaShift-Cat-Dog-indoor-outdoor/train/cat/cat(indoor)/2390873.jpg,1,1,1,"A gray cat is sitting on a black laptop, partially covering the keyboard with its body."
656,/restricted/projectnb/batmanlab/shawn24/PhD/Multimodal-mistakes-debug/data/metashift/MetaShift-Cat-Dog-indoor-outdoor/train/cat/cat(indoor)/2362274.jpg,1,1,1,"A tabby cat is lying on a bed next to a window, looking toward the camera with sunlight streaming in."
658,/restricted/projectnb/batmanlab/shawn24/PhD/Multimodal-mistakes-debug/data/metashift/MetaShift-Cat-Dog-indoor-outdoor/train/cat/cat(indoor)/2364155.jpg,1,1,1,A curious cat stands on a wooden floor near a red open backpack with a vase of flowers on a nearby table.
661,/restricted/projectnb/batmanlab/shawn24/PhD/Multimodal-mistakes-debug/data/metashift/MetaShift-Cat-Dog-indoor-outdoor/train/cat/cat(indoor)/2372339.jpg,1,1,1,The image depicts a bedroom with a circular bed covered by white sheets in a warmly lit room featuring wooden walls. A single black article of clothing lies on the bed.
664,/restricted/projectnb/batmanlab/shawn24/PhD/Multimodal-mistakes-debug/data/metashift/MetaShift-Cat-Dog-indoor-outdoor/train/cat/cat(indoor)/2390330.jpg,1,1,1,A black cat is sitting in a white bathroom sink.
669,/restricted/projectnb/batmanlab/shawn24/PhD/Multimodal-mistakes-debug/data/metashift/MetaShift-Cat-Dog-indoor-outdoor/train/cat/cat(indoor)/2377610.jpg,1,1,1,A cat is sitting on a closed suitcase on a bed in a dimly lit room. A window with a glowing light is visible in the background.
675,/restricted/projectnb/batmanlab/shawn24/PhD/Multimodal-mistakes-debug/data/metashift/MetaShift-Cat-Dog-indoor-outdoor/train/cat/cat(indoor)/2338063.jpg,1,1,1,A ginger cat is lounging atop an older-style television displaying a baseball game. The surroundings include various household items and decorations.
696,/restricted/projectnb/batmanlab/shawn24/PhD/Multimodal-mistakes-debug/data/metashift/MetaShift-Cat-Dog-indoor-outdoor/train/cat/cat(indoor)/2377325.jpg,1,1,1,"A ginger cat is curled up comfortably in a bathroom sink, surrounded by toiletries."
714,/restricted/projectnb/batmanlab/shawn24/PhD/Multimodal-mistakes-debug/data/metashift/MetaShift-Cat-Dog-indoor-outdoor/train/cat/cat(indoor)/2343780.jpg,1,1,1,"A cat sits on furniture, watching a television news broadcast in a cozy room with bookshelves in the background."
743,/restricted/projectnb/batmanlab/shawn24/PhD/Multimodal-mistakes-debug/data/metashift/MetaShift-Cat-Dog-indoor-outdoor/train/cat/cat(indoor)/2353770.jpg,1,1,1,"A cat is comfortably lying on a gray chair, yawning widely."
745,/restricted/projectnb/batmanlab/shawn24/PhD/Multimodal-mistakes-debug/data/metashift/MetaShift-Cat-Dog-indoor-outdoor/train/cat/cat(indoor)/2381791.jpg,1,1,1,A black and white cat is sitting on a windowsill with a bright blue frame and red bars.
749,/restricted/projectnb/batmanlab/shawn24/PhD/Multimodal-mistakes-debug/data/metashift/MetaShift-Cat-Dog-indoor-outdoor/train/cat/cat(indoor)/2403201.jpg,1,1,1,"A white kitten is comfortably sitting on a closed laptop, with a relaxed expression in a home setting."
758,/restricted/projectnb/batmanlab/shawn24/PhD/Multimodal-mistakes-debug/data/metashift/MetaShift-Cat-Dog-indoor-outdoor/train/cat/cat(indoor)/2328810.jpg,1,1,1,"The image shows two cats relaxing on a cat tree by a window, with plants and a birdhouse visible outside."
760,/restricted/projectnb/batmanlab/shawn24/PhD/Multimodal-mistakes-debug/data/metashift/MetaShift-Cat-Dog-indoor-outdoor/train/cat/cat(indoor)/2407329.jpg,1,1,1,"A gray cat is sleeping on a teal suitcase in a room, surrounded by bags and boxes."
763,/restricted/projectnb/batmanlab/shawn24/PhD/Multimodal-mistakes-debug/data/metashift/MetaShift-Cat-Dog-indoor-outdoor/train/cat/cat(indoor)/2335682.jpg,1,1,1,"A black cat with a collar is lying down, gazing attentively to the side. A bottle of soap or lotion is visible in the blurred background."
786,/restricted/projectnb/batmanlab/shawn24/PhD/Multimodal-mistakes-debug/data/metashift/MetaShift-Cat-Dog-indoor-outdoor/train/cat/cat(indoor)/2316439.jpg,1,1,1,"A cat is comfortably napping on a person, next to a laptop on a small stand in a room with vertical blinds."
826,/restricted/projectnb/batmanlab/shawn24/PhD/Multimodal-mistakes-debug/data/metashift/MetaShift-Cat-Dog-indoor-outdoor/train/cat/cat(indoor)/2369110.jpg,1,1,1,"A cat is curiously exploring by placing its head inside a toilet bowl, with its hind legs and tail visible. The scene is set in a tiled bathroom featuring a decorative vent cover and a wastebasket."
828,/restricted/projectnb/batmanlab/shawn24/PhD/Multimodal-mistakes-debug/data/metashift/MetaShift-Cat-Dog-indoor-outdoor/train/cat/cat(indoor)/2324496.jpg,1,1,1,"A person is sleeping in a bed, covered with white blankets, with two cats lying nearby."
868,/restricted/projectnb/batmanlab/shawn24/PhD/Multimodal-mistakes-debug/data/metashift/MetaShift-Cat-Dog-indoor-outdoor/train/cat/cat(indoor)/2337225.jpg,1,1,1,A brown cat is relaxing on an overturned drum next to a bookshelf filled with various books.
873,/restricted/projectnb/batmanlab/shawn24/PhD/Multimodal-mistakes-debug/data/metashift/MetaShift-Cat-Dog-indoor-outdoor/train/cat/cat(indoor)/2398392.jpg,1,1,1,"A hairless cat is in mid-air, leaping towards a person sitting nearby on a couch, with a plant on the window ledge in the background."
875,/restricted/projectnb/batmanlab/shawn24/PhD/Multimodal-mistakes-debug/data/metashift/MetaShift-Cat-Dog-indoor-outdoor/train/cat/cat(indoor)/2365745.jpg,1,1,1,"A cat is sitting on a blue and wooden structure, possibly a boat, with a teal wall in the background."
900,/restricted/projectnb/batmanlab/shawn24/PhD/Multimodal-mistakes-debug/data/metashift/MetaShift-Cat-Dog-indoor-outdoor/train/cat/cat(indoor)/2385836.jpg,1,1,1,"The image shows a cozy living room with blue walls, a brick fireplace surrounded by shelves, and a wooden cabinet with a television. A ceiling fan and a potted plant add to the decor."
906,/restricted/projectnb/batmanlab/shawn24/PhD/Multimodal-mistakes-debug/data/metashift/MetaShift-Cat-Dog-indoor-outdoor/train/cat/cat(indoor)/2374664.jpg,1,1,1,"A white and gray cat is sitting on a wooden surface, with a dark-colored cow in the background."
923,/restricted/projectnb/batmanlab/shawn24/PhD/Multimodal-mistakes-debug/data/metashift/MetaShift-Cat-Dog-indoor-outdoor/train/cat/cat(indoor)/2415403.jpg,1,1,1,"A black container is filled with red and green apples, and a cat is curiously sniffing beside it."
935,/restricted/projectnb/batmanlab/shawn24/PhD/Multimodal-mistakes-debug/data/metashift/MetaShift-Cat-Dog-indoor-outdoor/train/cat/cat(indoor)/2344206.jpg,1,1,1,A black cat is sitting inside an open toilet bowl on a colorful mosaic-tiled floor.
939,/restricted/projectnb/batmanlab/shawn24/PhD/Multimodal-mistakes-debug/data/metashift/MetaShift-Cat-Dog-indoor-outdoor/train/cat/cat(indoor)/2316594.jpg,1,1,1,A collage of four images shows a cat sitting on a couch in a dimly lit room. The cat is facing different directions in each image.
947,/restricted/projectnb/batmanlab/shawn24/PhD/Multimodal-mistakes-debug/data/metashift/MetaShift-Cat-Dog-indoor-outdoor/train/cat/cat(indoor)/2414209.jpg,1,1,1,"A cat is partially hidden under a rolled-up carpet on the floor, with its tail sticking out. The room features a sofa and a visible entrance in the background."
951,/restricted/projectnb/batmanlab/shawn24/PhD/Multimodal-mistakes-debug/data/metashift/MetaShift-Cat-Dog-indoor-outdoor/train/cat/cat(indoor)/2393745.jpg,1,1,1,"A ginger and white cat is sitting on a bed with a casual, relaxed expression. The background includes soft linens and a dimly lit room."
957,/restricted/projectnb/batmanlab/shawn24/PhD/Multimodal-mistakes-debug/data/metashift/MetaShift-Cat-Dog-indoor-outdoor/train/cat/cat(indoor)/2365314.jpg,1,1,1,A cat is standing on the edge of a toilet seat in a bathroom with tiled flooring.
960,/restricted/projectnb/batmanlab/shawn24/PhD/Multimodal-mistakes-debug/data/metashift/MetaShift-Cat-Dog-indoor-outdoor/train/cat/cat(indoor)/2371101.jpg,1,1,1,"A black and white cat is opening a drawer with its paw, while standing on a red table. The background includes a paper plate and some bags."
974,/restricted/projectnb/batmanlab/shawn24/PhD/Multimodal-mistakes-debug/data/metashift/MetaShift-Cat-Dog-indoor-outdoor/train/cat/cat(indoor)/2400035.jpg,1,1,1,A tabby cat with white paws and chest rests comfortably on a white chair. The cat is looking attentively to the side.
975,/restricted/projectnb/batmanlab/shawn24/PhD/Multimodal-mistakes-debug/data/metashift/MetaShift-Cat-Dog-indoor-outdoor/train/cat/cat(indoor)/2352790.jpg,1,1,1,"A grey and white cat with green eyes is resting on a soft, floral-patterned surface."
977,/restricted/projectnb/batmanlab/shawn24/PhD/Multimodal-mistakes-debug/data/metashift/MetaShift-Cat-Dog-indoor-outdoor/train/cat/cat(indoor)/2392176.jpg,1,1,1,A gray cat with closed eyes is sitting on a shelf next to some books.
981,/restricted/projectnb/batmanlab/shawn24/PhD/Multimodal-mistakes-debug/data/metashift/MetaShift-Cat-Dog-indoor-outdoor/train/cat/cat(indoor)/2338689.jpg,1,1,1,"A cat is sitting intently in front of a computer monitor on a wooden table, with a plant in the background."
987,/restricted/projectnb/batmanlab/shawn24/PhD/Multimodal-mistakes-debug/data/metashift/MetaShift-Cat-Dog-indoor-outdoor/train/cat/cat(indoor)/2398497.jpg,1,1,1,A cat is lounging on the back of a wooden chair in a room with a Christmas tree and various furniture pieces.
1000,/restricted/projectnb/batmanlab/shawn24/PhD/Multimodal-mistakes-debug/data/metashift/MetaShift-Cat-Dog-indoor-outdoor/train/cat/cat(indoor)/2333110.jpg,1,1,1,A black cat with glowing eyes is playfully lying on its back in a purple chair. The background features a pink wall and some scattered debris on the floor.
1009,/restricted/projectnb/batmanlab/shawn24/PhD/Multimodal-mistakes-debug/data/metashift/MetaShift-Cat-Dog-indoor-outdoor/train/cat/cat(indoor)/2344532.jpg,1,1,1,"A cat appears to be looking out of a window in a dark room, with the blinds partially open."
1010,/restricted/projectnb/batmanlab/shawn24/PhD/Multimodal-mistakes-debug/data/metashift/MetaShift-Cat-Dog-indoor-outdoor/train/cat/cat(indoor)/2392446.jpg,1,1,1,"A cat is standing on its hind legs, looking at its reflection in a mirror with glowing eyes."
1040,/restricted/projectnb/batmanlab/shawn24/PhD/Multimodal-mistakes-debug/data/metashift/MetaShift-Cat-Dog-indoor-outdoor/train/cat/cat(indoor)/2330125.jpg,1,1,1,"A cozy living room with a lit fireplace, a cat on a rug, and a decorated Christmas tree in the foreground. The ambiance is warm, with red walls and soft lighting."
1050,/restricted/projectnb/batmanlab/shawn24/PhD/Multimodal-mistakes-debug/data/metashift/MetaShift-Cat-Dog-indoor-outdoor/train/cat/cat(indoor)/2386737.jpg,1,1,1,"A cat is intently watching a person on a laptop screen, with a can beside it."
1063,/restricted/projectnb/batmanlab/shawn24/PhD/Multimodal-mistakes-debug/data/metashift/MetaShift-Cat-Dog-indoor-outdoor/train/cat/cat(indoor)/2348560.jpg,1,1,1,"A cat is curiously looking towards the camera, standing behind a glass of red wine on a table. The setting appears to be indoors, possibly in a living room."
1069,/restricted/projectnb/batmanlab/shawn24/PhD/Multimodal-mistakes-debug/data/metashift/MetaShift-Cat-Dog-indoor-outdoor/train/cat/cat(indoor)/2349149.jpg,1,1,1,"A tabby cat is lying on its back on a floral-patterned couch, appearing relaxed and asleep."
1072,/restricted/projectnb/batmanlab/shawn24/PhD/Multimodal-mistakes-debug/data/metashift/MetaShift-Cat-Dog-indoor-outdoor/train/cat/cat(indoor)/2410153.jpg,1,1,1,"A cat with a light, mixed coat color is lying on a patterned bedspread, appearing relaxed and comfortable. The room is softly lit, creating a cozy atmosphere."
1090,/restricted/projectnb/batmanlab/shawn24/PhD/Multimodal-mistakes-debug/data/metashift/MetaShift-Cat-Dog-indoor-outdoor/train/cat/cat(indoor)/2384185.jpg,1,1,1,"A ginger cat is nestled among a collection of leather shoes and boots, peering out curiously. The image is tinted with a warm, vintage filter."
1098,/restricted/projectnb/batmanlab/shawn24/PhD/Multimodal-mistakes-debug/data/metashift/MetaShift-Cat-Dog-indoor-outdoor/train/cat/cat(indoor)/2387465.jpg,1,1,1,"A fluffy tabby cat is comfortably sitting on a desk beside a laptop, surrounded by papers. The room appears to be an office or study space."
1122,/restricted/projectnb/batmanlab/shawn24/PhD/Multimodal-mistakes-debug/data/metashift/MetaShift-Cat-Dog-indoor-outdoor/train/cat/cat(indoor)/2378777.jpg,1,1,1,A black and white cat is sitting on a laptop keyboard with the screen partially visible. The setting is indoors on a wooden table.
1126,/restricted/projectnb/batmanlab/shawn24/PhD/Multimodal-mistakes-debug/data/metashift/MetaShift-Cat-Dog-indoor-outdoor/train/cat/cat(indoor)/2323828.jpg,1,1,1,"A cat is sleeping on a desk next to a stack of CDs and a computer monitor, with blinds in the background."
1130,/restricted/projectnb/batmanlab/shawn24/PhD/Multimodal-mistakes-debug/data/metashift/MetaShift-Cat-Dog-indoor-outdoor/train/cat/cat(indoor)/2340479.jpg,1,1,1,An orange kitten is sleeping next to a computer mouse on a colorful blue and yellow mouse pad.
1142,/restricted/projectnb/batmanlab/shawn24/PhD/Multimodal-mistakes-debug/data/metashift/MetaShift-Cat-Dog-indoor-outdoor/train/cat/cat(indoor)/2345671.jpg,1,1,1,"A cat is sitting in front of a television that is playing a scene from the animated show ""Tom and Jerry."""
1157,/restricted/projectnb/batmanlab/shawn24/PhD/Multimodal-mistakes-debug/data/metashift/MetaShift-Cat-Dog-indoor-outdoor/train/cat/cat(indoor)/2402810.jpg,1,1,1,A cat is sleeping on its back next to a blue laptop and a computer mouse.
1181,/restricted/projectnb/batmanlab/shawn24/PhD/Multimodal-mistakes-debug/data/metashift/MetaShift-Cat-Dog-indoor-outdoor/train/cat/cat(indoor)/2389676.jpg,1,1,1,"The image shows two cats, one orange and one black, sitting on a patterned rug in a living room setting. The background includes a blue chair and a wooden cabinet."
1196,/restricted/projectnb/batmanlab/shawn24/PhD/Multimodal-mistakes-debug/data/metashift/MetaShift-Cat-Dog-indoor-outdoor/train/cat/cat(indoor)/2395559.jpg,1,1,1,"The image shows a cat lounging on a bed with a cylindrical pillow, surrounded by computer accessories and pens."
1215,/restricted/projectnb/batmanlab/shawn24/PhD/Multimodal-mistakes-debug/data/metashift/MetaShift-Cat-Dog-indoor-outdoor/train/cat/cat(indoor)/2368597.jpg,1,1,1,"A fluffy cat is lying comfortably on a striped bed, surrounded by dim indoor lighting."
1217,/restricted/projectnb/batmanlab/shawn24/PhD/Multimodal-mistakes-debug/data/metashift/MetaShift-Cat-Dog-indoor-outdoor/train/cat/cat(indoor)/2408471.jpg,1,1,1,"A tabby cat is lying on a carpet between two white sneakers, with its paws forward."
1239,/restricted/projectnb/batmanlab/shawn24/PhD/Multimodal-mistakes-debug/data/metashift/MetaShift-Cat-Dog-indoor-outdoor/train/cat/cat(indoor)/2416656.jpg,1,1,1,"A gray and white cat is lying on a keyboard in front of a computer screen, appearing curious and relaxed."
1276,/restricted/projectnb/batmanlab/shawn24/PhD/Multimodal-mistakes-debug/data/metashift/MetaShift-Cat-Dog-indoor-outdoor/train/dog/dog(outdoor)/2346197.jpg,1,0,0,A black dog stands on a sidewalk in a quiet urban intersection surrounded by historical buildings. A few pedestrians and bikes are visible in the background.
1282,/restricted/projectnb/batmanlab/shawn24/PhD/Multimodal-mistakes-debug/data/metashift/MetaShift-Cat-Dog-indoor-outdoor/train/dog/dog(outdoor)/2361824.jpg,1,0,0,"A person in a red coat is cycling towards a crosswalk, with a yield traffic sign and a city tram visible in the background. A pedestrian and a small dog are also crossing the street."
1286,/restricted/projectnb/batmanlab/shawn24/PhD/Multimodal-mistakes-debug/data/metashift/MetaShift-Cat-Dog-indoor-outdoor/train/dog/dog(outdoor)/2391492.jpg,1,0,0,"A horse is pulling a carriage with two people seated inside, traveling along a stone wall-lined path."
1300,/restricted/projectnb/batmanlab/shawn24/PhD/Multimodal-mistakes-debug/data/metashift/MetaShift-Cat-Dog-indoor-outdoor/train/dog/dog(outdoor)/2393779.jpg,1,0,0,"A person is cross-country skiing through a snowy forest, accompanied by a dog."
1313,/restricted/projectnb/batmanlab/shawn24/PhD/Multimodal-mistakes-debug/data/metashift/MetaShift-Cat-Dog-indoor-outdoor/train/dog/dog(outdoor)/2327581.jpg,1,0,0,"A large white dog carries a green frisbee in its mouth, while a smaller dog runs next to it on a grassy area."
1318,/restricted/projectnb/batmanlab/shawn24/PhD/Multimodal-mistakes-debug/data/metashift/MetaShift-Cat-Dog-indoor-outdoor/train/dog/dog(outdoor)/2337421.jpg,1,0,0,"Two women are walking on a sidewalk; one is holding a dog and they are in a green, outdoor setting."
1333,/restricted/projectnb/batmanlab/shawn24/PhD/Multimodal-mistakes-debug/data/metashift/MetaShift-Cat-Dog-indoor-outdoor/train/dog/dog(outdoor)/2330218.jpg,1,0,0,"A fluffy brown dog with a red backpack stands on a forest path, with trees and people in the background."
1346,/restricted/projectnb/batmanlab/shawn24/PhD/Multimodal-mistakes-debug/data/metashift/MetaShift-Cat-Dog-indoor-outdoor/train/dog/dog(outdoor)/2350325.jpg,1,0,0,A herding dog is guiding a group of cows near a white fence on a grassy field.
1348,/restricted/projectnb/batmanlab/shawn24/PhD/Multimodal-mistakes-debug/data/metashift/MetaShift-Cat-Dog-indoor-outdoor/train/dog/dog(outdoor)/2356330.jpg,1,0,0,"A man helps a young child pet a golden retriever on a riverside walkway, while two people and another dog sit nearby. The background features a city skyline across the water."
1354,/restricted/projectnb/batmanlab/shawn24/PhD/Multimodal-mistakes-debug/data/metashift/MetaShift-Cat-Dog-indoor-outdoor/train/dog/dog(outdoor)/2348277.jpg,1,0,0,"A fluffy white dog is joyfully sticking its head out of a car window, reflected in the side mirror. The scene captures a view of a city street with brick buildings in the background."
1357,/restricted/projectnb/batmanlab/shawn24/PhD/Multimodal-mistakes-debug/data/metashift/MetaShift-Cat-Dog-indoor-outdoor/train/dog/dog(outdoor)/2345442.jpg,1,0,0,"A dog is carrying a baseball bat on a field near a catcher, while players stand in the background."
1358,/restricted/projectnb/batmanlab/shawn24/PhD/Multimodal-mistakes-debug/data/metashift/MetaShift-Cat-Dog-indoor-outdoor/train/dog/dog(outdoor)/2376600.jpg,1,0,0,A dog is jumping in the air to catch a yellow frisbee in a grassy area with a play structure in the background.
1368,/restricted/projectnb/batmanlab/shawn24/PhD/Multimodal-mistakes-debug/data/metashift/MetaShift-Cat-Dog-indoor-outdoor/train/dog/dog(outdoor)/2340219.jpg,1,0,0,A dog is running through the snow carrying a red frisbee in its mouth. The background features a snowy landscape with trees.
1369,/restricted/projectnb/batmanlab/shawn24/PhD/Multimodal-mistakes-debug/data/metashift/MetaShift-Cat-Dog-indoor-outdoor/train/dog/dog(outdoor)/2402417.jpg,1,0,0,"A group of people is horseback riding through a forested trail, accompanied by a dog. The path is surrounded by tall trees and dense vegetation."
1378,/restricted/projectnb/batmanlab/shawn24/PhD/Multimodal-mistakes-debug/data/metashift/MetaShift-Cat-Dog-indoor-outdoor/train/dog/dog(outdoor)/2346815.jpg,1,0,0,The image depicts a beach scene with several kite surfers in the sky and people walking along the shore under a partly cloudy sky.
1387,/restricted/projectnb/batmanlab/shawn24/PhD/Multimodal-mistakes-debug/data/metashift/MetaShift-Cat-Dog-indoor-outdoor/train/dog/dog(outdoor)/2404534.jpg,1,0,0,"A horse-drawn cart loaded with hay travels along a dirt path, accompanied by a dog walking alongside."
1394,/restricted/projectnb/batmanlab/shawn24/PhD/Multimodal-mistakes-debug/data/metashift/MetaShift-Cat-Dog-indoor-outdoor/train/dog/dog(outdoor)/2380687.jpg,1,0,0,"A person is skateboarding on the street, accompanied by a running dog."
1401,/restricted/projectnb/batmanlab/shawn24/PhD/Multimodal-mistakes-debug/data/metashift/MetaShift-Cat-Dog-indoor-outdoor/train/dog/dog(outdoor)/2399469.jpg,1,0,0,"A brown and white dog is playing with a red and white basketball on a grassy area next to a gravel path. The dog is lying down, focused on the ball."
1409,/restricted/projectnb/batmanlab/shawn24/PhD/Multimodal-mistakes-debug/data/metashift/MetaShift-Cat-Dog-indoor-outdoor/train/dog/dog(outdoor)/2383663.jpg,1,0,0,"A dog and a horse stand together on a dirt path, with a misty rural background."
1417,/restricted/projectnb/batmanlab/shawn24/PhD/Multimodal-mistakes-debug/data/metashift/MetaShift-Cat-Dog-indoor-outdoor/train/dog/dog(outdoor)/2361091.jpg,1,0,0,"A person in a red shirt stands under a road sign indicating a 35 km/h speed limit and a curve ahead, with a clear blue sky and a street in the background."
1423,/restricted/projectnb/batmanlab/shawn24/PhD/Multimodal-mistakes-debug/data/metashift/MetaShift-Cat-Dog-indoor-outdoor/train/dog/dog(outdoor)/2353702.jpg,1,0,0,"A person is standing on a snowy landscape with a black dog on a leash, surrounded by snow-covered trees."
1435,/restricted/projectnb/batmanlab/shawn24/PhD/Multimodal-mistakes-debug/data/metashift/MetaShift-Cat-Dog-indoor-outdoor/train/dog/dog(outdoor)/2344149.jpg,1,0,0,A group of people stands outside a busy deli with a person holding a dog on a leash on the sidewalk.
1437,/restricted/projectnb/batmanlab/shawn24/PhD/Multimodal-mistakes-debug/data/metashift/MetaShift-Cat-Dog-indoor-outdoor/train/dog/dog(outdoor)/2370.jpg,1,0,0,"A city street scene showing a crosswalk, pedestrians, and parked cars in front of multi-story buildings. The environment appears to be urban with active foot traffic and vehicles."
1439,/restricted/projectnb/batmanlab/shawn24/PhD/Multimodal-mistakes-debug/data/metashift/MetaShift-Cat-Dog-indoor-outdoor/train/dog/dog(outdoor)/2386037.jpg,1,0,0,A black and white dog is energetically leaping in the air to catch an orange frisbee on a grassy field.
1440,/restricted/projectnb/batmanlab/shawn24/PhD/Multimodal-mistakes-debug/data/metashift/MetaShift-Cat-Dog-indoor-outdoor/train/dog/dog(outdoor)/2362763.jpg,1,0,0,"Two dogs are playfully interacting, with one appearing to gently bite the other's neck, in an outdoor setting. A white plastic chair is visible in the background."
1453,/restricted/projectnb/batmanlab/shawn24/PhD/Multimodal-mistakes-debug/data/metashift/MetaShift-Cat-Dog-indoor-outdoor/train/dog/dog(outdoor)/1159281.jpg,1,0,0,A person and a dog are in a small inflatable boat navigating through a marina with sailing boats in the background.
1466,/restricted/projectnb/batmanlab/shawn24/PhD/Multimodal-mistakes-debug/data/metashift/MetaShift-Cat-Dog-indoor-outdoor/train/dog/dog(outdoor)/2378957.jpg,1,0,0,"The image shows a person sitting on a bench in a snowy park with a dog nearby. The person is bundled up for cold weather, and the snow covers the ground and bench."
1475,/restricted/projectnb/batmanlab/shawn24/PhD/Multimodal-mistakes-debug/data/metashift/MetaShift-Cat-Dog-indoor-outdoor/train/dog/dog(outdoor)/2384917.jpg,1,0,0,A dog wearing goggles and a pink bandana sits on the back of a motorcycle. The scene includes other vehicles and traffic in the background.
1482,/restricted/projectnb/batmanlab/shawn24/PhD/Multimodal-mistakes-debug/data/metashift/MetaShift-Cat-Dog-indoor-outdoor/train/dog/dog(outdoor)/2398532.jpg,1,0,0,"A group of horses is running toward a black dog in a rural setting, with colorful buildings in the background."
1493,/restricted/projectnb/batmanlab/shawn24/PhD/Multimodal-mistakes-debug/data/metashift/MetaShift-Cat-Dog-indoor-outdoor/train/dog/dog(outdoor)/2390483.jpg,1,0,0,"A dog is lying on grass, holding a large, striped frisbee in its mouth. The yard appears well-lit with shadows cast by nearby objects."
1507,/restricted/projectnb/batmanlab/shawn24/PhD/Multimodal-mistakes-debug/data/metashift/MetaShift-Cat-Dog-indoor-outdoor/train/dog/dog(outdoor)/2316809.jpg,1,0,0,A person wearing sunglasses and a blue shirt is sitting on a red and white motorcycle in an outdoor setting. Other motorcycles and people are visible in the background.
1543,/restricted/projectnb/batmanlab/shawn24/PhD/Multimodal-mistakes-debug/data/metashift/MetaShift-Cat-Dog-indoor-outdoor/train/dog/dog(outdoor)/2410503.jpg,1,0,0,"A person in winter clothing walks up a snowy slope with skis on their back, accompanied by a dog."
1549,/restricted/projectnb/batmanlab/shawn24/PhD/Multimodal-mistakes-debug/data/metashift/MetaShift-Cat-Dog-indoor-outdoor/train/dog/dog(outdoor)/2337324.jpg,1,0,0,"A dog is peeking its head out of the window of a black vehicle, near a traffic light."
1566,/restricted/projectnb/batmanlab/shawn24/PhD/Multimodal-mistakes-debug/data/metashift/MetaShift-Cat-Dog-indoor-outdoor/train/dog/dog(outdoor)/2398346.jpg,1,0,0,"Two dogs are sitting in the back seat of a vehicle, looking out the window."
1567,/restricted/projectnb/batmanlab/shawn24/PhD/Multimodal-mistakes-debug/data/metashift/MetaShift-Cat-Dog-indoor-outdoor/train/dog/dog(outdoor)/2350312.jpg,1,0,0,"A man is riding a red motorcycle with a dog sitting behind him, both are on a residential street."
1573,/restricted/projectnb/batmanlab/shawn24/PhD/Multimodal-mistakes-debug/data/metashift/MetaShift-Cat-Dog-indoor-outdoor/train/dog/dog(outdoor)/2403537.jpg,1,0,0,"A happy dog with its tongue out stands next to a red and blue ball in a grassy field. A person in blue plaid shorts is nearby, and there are green nets in the background."
1585,/restricted/projectnb/batmanlab/shawn24/PhD/Multimodal-mistakes-debug/data/metashift/MetaShift-Cat-Dog-indoor-outdoor/train/dog/dog(outdoor)/2360562.jpg,1,0,0,Two people are skiing with a dog in a snowy forested area on a sunny day. Pine trees and mountains are visible in the background.
1597,/restricted/projectnb/batmanlab/shawn24/PhD/Multimodal-mistakes-debug/data/metashift/MetaShift-Cat-Dog-indoor-outdoor/train/dog/dog(outdoor)/2376453.jpg,1,0,0,"A black French Bulldog and a large black Poodle are standing together on grass, both on leashes, with the Poodle looking to the side."
1607,/restricted/projectnb/batmanlab/shawn24/PhD/Multimodal-mistakes-debug/data/metashift/MetaShift-Cat-Dog-indoor-outdoor/train/dog/dog(outdoor)/2367060.jpg,1,0,0,"A dog is playing outside on the grass, holding an object in its mouth near a fenced area."
1623,/restricted/projectnb/batmanlab/shawn24/PhD/Multimodal-mistakes-debug/data/metashift/MetaShift-Cat-Dog-indoor-outdoor/train/dog/dog(outdoor)/2321109.jpg,1,0,0,A dog is standing confidently on a surfboard in the water. The dog appears calm and steady despite the water beneath.
1627,/restricted/projectnb/batmanlab/shawn24/PhD/Multimodal-mistakes-debug/data/metashift/MetaShift-Cat-Dog-indoor-outdoor/train/dog/dog(outdoor)/2384081.jpg,1,0,0,"A person wearing a helmet is riding a bicycle through a grassy field, accompanied by a black dog."
1639,/restricted/projectnb/batmanlab/shawn24/PhD/Multimodal-mistakes-debug/data/metashift/MetaShift-Cat-Dog-indoor-outdoor/train/dog/dog(outdoor)/2412384.jpg,1,0,0,The image shows a dock with boats moored in the water and a dog sitting on the pier. The scene is set during a sunny day with buildings visible in the background.
1646,/restricted/projectnb/batmanlab/shawn24/PhD/Multimodal-mistakes-debug/data/metashift/MetaShift-Cat-Dog-indoor-outdoor/train/dog/dog(outdoor)/2397828.jpg,1,0,0,A small black dog lies on the ground near an old wooden door set in a stone wall.
1690,/restricted/projectnb/batmanlab/shawn24/PhD/Multimodal-mistakes-debug/data/metashift/MetaShift-Cat-Dog-indoor-outdoor/train/dog/dog(outdoor)/2376140.jpg,1,0,0,"A dog is sitting in the driver's seat of a car, looking through the windshield with a layer of snow on the vehicle."
1693,/restricted/projectnb/batmanlab/shawn24/PhD/Multimodal-mistakes-debug/data/metashift/MetaShift-Cat-Dog-indoor-outdoor/train/dog/dog(outdoor)/2322607.jpg,1,0,0,"A dog is leaping off a dock towards a red ball in the water, with a wooded shoreline in the background."
1698,/restricted/projectnb/batmanlab/shawn24/PhD/Multimodal-mistakes-debug/data/metashift/MetaShift-Cat-Dog-indoor-outdoor/train/dog/dog(outdoor)/2320476.jpg,1,0,0,"A black and white image shows a dog walking down wide stone steps, followed by a child near a riverside with boats lined up at the water's edge."
1700,/restricted/projectnb/batmanlab/shawn24/PhD/Multimodal-mistakes-debug/data/metashift/MetaShift-Cat-Dog-indoor-outdoor/train/dog/dog(outdoor)/2395520.jpg,1,0,0,"A person stands by a small boat on a pebble beach, with a dog sniffing the ground nearby, against a backdrop of buildings and greenery."
1701,/restricted/projectnb/batmanlab/shawn24/PhD/Multimodal-mistakes-debug/data/metashift/MetaShift-Cat-Dog-indoor-outdoor/train/dog/dog(outdoor)/2406798.jpg,1,0,0,"The image shows a busy urban street scene with people walking and riding bicycles near a bike lane, surrounded by typical city infrastructure like a traffic light and public transit sign."
1705,/restricted/projectnb/batmanlab/shawn24/PhD/Multimodal-mistakes-debug/data/metashift/MetaShift-Cat-Dog-indoor-outdoor/train/dog/dog(outdoor)/2325642.jpg,1,0,0,"A person is riding a horse through a shallow river, with a train passing over a bridge in the background. The scene is captured in black and white, emphasizing the contrast between the rural landscape and the industrial train."
1715,/restricted/projectnb/batmanlab/shawn24/PhD/Multimodal-mistakes-debug/data/metashift/MetaShift-Cat-Dog-indoor-outdoor/train/dog/dog(outdoor)/2344526.jpg,1,0,0,"A large, shaggy dog is walking on a road near the shadow of a vehicle. The background is slightly rugged with natural terrain and stone walls."
1719,/restricted/projectnb/batmanlab/shawn24/PhD/Multimodal-mistakes-debug/data/metashift/MetaShift-Cat-Dog-indoor-outdoor/train/dog/dog(outdoor)/2409740.jpg,1,0,0,"Two people are riding bicycles along a beachside path, each carrying surfboards under a clear sky."
1729,/restricted/projectnb/batmanlab/shawn24/PhD/Multimodal-mistakes-debug/data/metashift/MetaShift-Cat-Dog-indoor-outdoor/train/dog/dog(outdoor)/2338535.jpg,1,0,0,"A dog is sitting inside a vehicle, visible through the rear window with a reflection of a neon sign that reads ""BARBER."""
1737,/restricted/projectnb/batmanlab/shawn24/PhD/Multimodal-mistakes-debug/data/metashift/MetaShift-Cat-Dog-indoor-outdoor/train/dog/dog(outdoor)/2358851.jpg,1,0,0,A person is sitting on the ground playing a guitar next to a sleeping dog in a guitar case. The setting is outdoors near a fence and a gas station.
1740,/restricted/projectnb/batmanlab/shawn24/PhD/Multimodal-mistakes-debug/data/metashift/MetaShift-Cat-Dog-indoor-outdoor/train/dog/dog(outdoor)/2381223.jpg,1,0,0,"A dog is walking on a sandy shore towards a line of green trees, under a cloudy sky."
1743,/restricted/projectnb/batmanlab/shawn24/PhD/Multimodal-mistakes-debug/data/metashift/MetaShift-Cat-Dog-indoor-outdoor/train/dog/dog(outdoor)/2320655.jpg,1,0,0,"A person is riding a bicycle on a road, carrying a small dog in a blue crate attached to the back. The image has a selective color effect, highlighting the crate and surroundings in blue amidst a monochrome background."
1745,/restricted/projectnb/batmanlab/shawn24/PhD/Multimodal-mistakes-debug/data/metashift/MetaShift-Cat-Dog-indoor-outdoor/train/dog/dog(outdoor)/2354471.jpg,1,0,0,"The image shows a sunny beach scene with a boardwalk, adjacent buildings, and a wide stretch of sand beside a calm ocean."
1750,/restricted/projectnb/batmanlab/shawn24/PhD/Multimodal-mistakes-debug/data/metashift/MetaShift-Cat-Dog-indoor-outdoor/train/dog/dog(outdoor)/2389867.jpg,1,0,0,A cardboard sculpture of a dog with a red collar stands on a wooden park bench. The ground is wet and appears muddy in the background.
1769,/restricted/projectnb/batmanlab/shawn24/PhD/Multimodal-mistakes-debug/data/metashift/MetaShift-Cat-Dog-indoor-outdoor/train/dog/dog(outdoor)/2317373.jpg,1,0,0,A dog is herding a group of sheep in a grassy field near a fenced area.
1771,/restricted/projectnb/batmanlab/shawn24/PhD/Multimodal-mistakes-debug/data/metashift/MetaShift-Cat-Dog-indoor-outdoor/train/dog/dog(outdoor)/2369270.jpg,1,0,0,A dog with a black and white coat is carrying a frisbee in its mouth while standing on grass.
1802,/restricted/projectnb/batmanlab/shawn24/PhD/Multimodal-mistakes-debug/data/metashift/MetaShift-Cat-Dog-indoor-outdoor/train/dog/dog(outdoor)/2411201.jpg,1,0,0,A dog standing on an orange scooter appears to be looking or waiting for a person nearby. The scooter is parked on a street with other scooters visible in the background.
1809,/restricted/projectnb/batmanlab/shawn24/PhD/Multimodal-mistakes-debug/data/metashift/MetaShift-Cat-Dog-indoor-outdoor/train/dog/dog(outdoor)/2414053.jpg,1,0,0,"Two people are standing together on a concrete surface, with skateboards nearby and a dog in the foreground. They're positioned in front of a large brick wall."
1810,/restricted/projectnb/batmanlab/shawn24/PhD/Multimodal-mistakes-debug/data/metashift/MetaShift-Cat-Dog-indoor-outdoor/train/dog/dog(outdoor)/2393247.jpg,1,0,0,"A person is standing on a snowy mountain with a pair of skis, accompanied by a black dog under a cloudy sky."
1820,/restricted/projectnb/batmanlab/shawn24/PhD/Multimodal-mistakes-debug/data/metashift/MetaShift-Cat-Dog-indoor-outdoor/train/dog/dog(outdoor)/2397768.jpg,1,0,0,"A group of people and dogs are enjoying time at a sandy lakeside, with some dogs in the water and others on the shore."
1831,/restricted/projectnb/batmanlab/shawn24/PhD/Multimodal-mistakes-debug/data/metashift/MetaShift-Cat-Dog-indoor-outdoor/train/dog/dog(outdoor)/2317985.jpg,1,0,0,"Two golden retrievers are lying on the grass, playing with a frisbee together."
1834,/restricted/projectnb/batmanlab/shawn24/PhD/Multimodal-mistakes-debug/data/metashift/MetaShift-Cat-Dog-indoor-outdoor/train/dog/dog(outdoor)/1592385.jpg,1,0,0,"A man is standing on a city sidewalk holding a camera, with a white fluffy dog sitting beside him, and vehicles are visible in the background."
1840,/restricted/projectnb/batmanlab/shawn24/PhD/Multimodal-mistakes-debug/data/metashift/MetaShift-Cat-Dog-indoor-outdoor/train/dog/dog(outdoor)/2387862.jpg,1,0,0,"A person on horseback is riding through a water obstacle in an equestrian event, creating a splash. The setting is outdoors, with greenery and other spectators in the background."
1845,/restricted/projectnb/batmanlab/shawn24/PhD/Multimodal-mistakes-debug/data/metashift/MetaShift-Cat-Dog-indoor-outdoor/train/dog/dog(outdoor)/2353465.jpg,1,0,0,Two dogs are resting on a wooden bench; one is lying down while the other is sitting and looking to the side.
1864,/restricted/projectnb/batmanlab/shawn24/PhD/Multimodal-mistakes-debug/data/metashift/MetaShift-Cat-Dog-indoor-outdoor/train/dog/dog(outdoor)/2320795.jpg,1,0,0,"A black dog is looking across a rocky creek, surrounded by a forest with bare trees."
1879,/restricted/projectnb/batmanlab/shawn24/PhD/Multimodal-mistakes-debug/data/metashift/MetaShift-Cat-Dog-indoor-outdoor/train/dog/dog(outdoor)/2320130.jpg,1,0,0,The image shows a bulldog wearing a red life vest while surfing on a blue surfboard in the water.
1896,/restricted/projectnb/batmanlab/shawn24/PhD/Multimodal-mistakes-debug/data/metashift/MetaShift-Cat-Dog-indoor-outdoor/train/dog/dog(outdoor)/2395227.jpg,1,0,0,"A child walks near a resting dog with a tennis ball in a park setting. Other people and dogs are visible in the background, enjoying the outdoor space."
1900,/restricted/projectnb/batmanlab/shawn24/PhD/Multimodal-mistakes-debug/data/metashift/MetaShift-Cat-Dog-indoor-outdoor/train/dog/dog(outdoor)/619.jpg,1,0,0,"A street scene shows an old-fashioned telephone booth with a payphone situated on a city sidewalk, surrounded by buildings and parked cars."
1901,/restricted/projectnb/batmanlab/shawn24/PhD/Multimodal-mistakes-debug/data/metashift/MetaShift-Cat-Dog-indoor-outdoor/train/dog/dog(outdoor)/2351907.jpg,1,0,0,The image shows several sheep grazing on a grassy hillside with a few houses in the background.
1907,/restricted/projectnb/batmanlab/shawn24/PhD/Multimodal-mistakes-debug/data/metashift/MetaShift-Cat-Dog-indoor-outdoor/train/dog/dog(outdoor)/2364372.jpg,1,0,0,"A person is riding a horse across a grassy field, accompanied by a dog. The landscape is expansive and rustic."
1908,/restricted/projectnb/batmanlab/shawn24/PhD/Multimodal-mistakes-debug/data/metashift/MetaShift-Cat-Dog-indoor-outdoor/train/dog/dog(outdoor)/2364024.jpg,1,0,0,"A man is navigating a small motorized inflatable boat on a lake or river, accompanied by a dog at the bow with trees and other boats in the background."
1913,/restricted/projectnb/batmanlab/shawn24/PhD/Multimodal-mistakes-debug/data/metashift/MetaShift-Cat-Dog-indoor-outdoor/train/dog/dog(outdoor)/2358997.jpg,1,0,0,"Three dogs are sitting on wooden steps in a yard surrounded by trees and a fence. The central dog is black, while the others have mixed fur colors."
1918,/restricted/projectnb/batmanlab/shawn24/PhD/Multimodal-mistakes-debug/data/metashift/MetaShift-Cat-Dog-indoor-outdoor/train/dog/dog(outdoor)/2417767.jpg,1,0,0,A black cat is peacefully sleeping on a wooden bench in a park-like setting with grass and trees in the background.
1927,/restricted/projectnb/batmanlab/shawn24/PhD/Multimodal-mistakes-debug/data/metashift/MetaShift-Cat-Dog-indoor-outdoor/train/dog/dog(outdoor)/2334355.jpg,1,0,0,"A dog is looking through a mesh or screen door towards the camera, with a grassy yard visible in the background."
1937,/restricted/projectnb/batmanlab/shawn24/PhD/Multimodal-mistakes-debug/data/metashift/MetaShift-Cat-Dog-indoor-outdoor/train/dog/dog(outdoor)/2372773.jpg,1,0,0,"A man is seated on a park bench reading, while a child rides a scooter in the background. The scene is set on a sunlit day with trees lining the path."
1967,/restricted/projectnb/batmanlab/shawn24/PhD/Multimodal-mistakes-debug/data/metashift/MetaShift-Cat-Dog-indoor-outdoor/train/dog/dog(outdoor)/2343149.jpg,1,0,0,"The image shows a wet dog energetically running through water, with droplets splashing around."
1969,/restricted/projectnb/batmanlab/shawn24/PhD/Multimodal-mistakes-debug/data/metashift/MetaShift-Cat-Dog-indoor-outdoor/train/dog/dog(outdoor)/2330479.jpg,1,0,0,"A person rides a white horse through a grassy field, followed by a galloping dog."
1976,/restricted/projectnb/batmanlab/shawn24/PhD/Multimodal-mistakes-debug/data/metashift/MetaShift-Cat-Dog-indoor-outdoor/train/dog/dog(outdoor)/1159355.jpg,1,0,0,"A cyclist wearing a colorful jacket and helmet is standing with a bike, and a small white dog is sitting comfortably in the bike's basket."
1981,/restricted/projectnb/batmanlab/shawn24/PhD/Multimodal-mistakes-debug/data/metashift/MetaShift-Cat-Dog-indoor-outdoor/train/dog/dog(outdoor)/2417801.jpg,1,0,0,"A man in a floral shirt is paddleboarding on the ocean alongside a dog wearing an orange vest. Waves are visible in the background, creating a playful scene."
1993,/restricted/projectnb/batmanlab/shawn24/PhD/Multimodal-mistakes-debug/data/metashift/MetaShift-Cat-Dog-indoor-outdoor/train/dog/dog(outdoor)/2340622.jpg,1,0,0,"A dog is sticking its head out of a car window, visible through the car's side mirror, with trees in the background."
2004,/restricted/projectnb/batmanlab/shawn24/PhD/Multimodal-mistakes-debug/data/metashift/MetaShift-Cat-Dog-indoor-outdoor/train/dog/dog(outdoor)/2317971.jpg,1,0,0,"A person holding a red umbrella stands in a snowy area with two dogs. The scene is set in an urban environment, with snowflakes falling around them."
2009,/restricted/projectnb/batmanlab/shawn24/PhD/Multimodal-mistakes-debug/data/metashift/MetaShift-Cat-Dog-indoor-outdoor/train/dog/dog(outdoor)/2360443.jpg,1,0,0,A person is standing in a grassy park with three dogs playing nearby. The scene is relaxed and outdoorsy with trees and a road in the background.
2013,/restricted/projectnb/batmanlab/shawn24/PhD/Multimodal-mistakes-debug/data/metashift/MetaShift-Cat-Dog-indoor-outdoor/train/dog/dog(outdoor)/2380787.jpg,1,0,0,"A dog stands on the bow of a boat, gazing over a calm lake with tree-lined shores."
2022,/restricted/projectnb/batmanlab/shawn24/PhD/Multimodal-mistakes-debug/data/metashift/MetaShift-Cat-Dog-indoor-outdoor/train/dog/dog(outdoor)/2357646.jpg,1,0,0,"The image shows a dog sitting inside a vehicle, looking out a window at a snowy landscape. The dog is wearing a collar and appears to be observing something outside."
2027,/restricted/projectnb/batmanlab/shawn24/PhD/Multimodal-mistakes-debug/data/metashift/MetaShift-Cat-Dog-indoor-outdoor/train/dog/dog(outdoor)/2412702.jpg,1,0,0,"A person walks a dog on a sidewalk next to parked cars, with a prominent pedestrian crossing sign above."
2042,/restricted/projectnb/batmanlab/shawn24/PhD/Multimodal-mistakes-debug/data/metashift/MetaShift-Cat-Dog-indoor-outdoor/train/dog/dog(outdoor)/2391328.jpg,1,0,0,"A person in biker gear and helmet is riding a motorcycle with a sidecar, adorned with various patches and decals, on a city street."
2044,/restricted/projectnb/batmanlab/shawn24/PhD/Multimodal-mistakes-debug/data/metashift/MetaShift-Cat-Dog-indoor-outdoor/train/dog/dog(outdoor)/2406001.jpg,1,0,0,A person is cycling with a small dog securely seated in a basket or bag on the bike. The dog looks content while enjoying the ride.
2047,/restricted/projectnb/batmanlab/shawn24/PhD/Multimodal-mistakes-debug/data/metashift/MetaShift-Cat-Dog-indoor-outdoor/train/dog/dog(outdoor)/2316429.jpg,1,0,0,"A brown dog is sitting on a tennis court next to a tennis bag, racket, and water bottle."
2052,/restricted/projectnb/batmanlab/shawn24/PhD/Multimodal-mistakes-debug/data/metashift/MetaShift-Cat-Dog-indoor-outdoor/train/dog/dog(outdoor)/2356804.jpg,1,0,0,"Two dogs are in a grassy field; one is wearing a hat and sitting, while the other lies down beside it."
2070,/restricted/projectnb/batmanlab/shawn24/PhD/Multimodal-mistakes-debug/data/metashift/MetaShift-Cat-Dog-indoor-outdoor/train/dog/dog(outdoor)/2376812.jpg,1,0,0,A man is interacting affectionately with a dog sitting on a scooter seat.
2080,/restricted/projectnb/batmanlab/shawn24/PhD/Multimodal-mistakes-debug/data/metashift/MetaShift-Cat-Dog-indoor-outdoor/train/dog/dog(outdoor)/2382301.jpg,1,0,0,"A person is skiing on a snowy path in a forest, with a dog walking ahead of them."
2081,/restricted/projectnb/batmanlab/shawn24/PhD/Multimodal-mistakes-debug/data/metashift/MetaShift-Cat-Dog-indoor-outdoor/train/dog/dog(outdoor)/2321342.jpg,1,0,0,"A person is playing with a dog outdoors, using a yellow frisbee, with a crowd and mountains in the background."
2157,/restricted/projectnb/batmanlab/shawn24/PhD/Multimodal-mistakes-debug/data/metashift/MetaShift-Cat-Dog-indoor-outdoor/train/dog/dog(outdoor)/2381721.jpg,1,0,0,"A dog is herding a group of cows across a grassy field, with a wooded area and a house visible in the background."
2170,/restricted/projectnb/batmanlab/shawn24/PhD/Multimodal-mistakes-debug/data/metashift/MetaShift-Cat-Dog-indoor-outdoor/train/dog/dog(outdoor)/2328764.jpg,1,0,0,A tan and white dog is running on a sandy beach with a red frisbee in its mouth. The background features a clear blue sky and sea.
2173,/restricted/projectnb/batmanlab/shawn24/PhD/Multimodal-mistakes-debug/data/metashift/MetaShift-Cat-Dog-indoor-outdoor/train/dog/dog(outdoor)/2370344.jpg,1,0,0,"A rusty white fire hydrant is in the foreground, with a person tending to a black and white dog in the background."
2175,/restricted/projectnb/batmanlab/shawn24/PhD/Multimodal-mistakes-debug/data/metashift/MetaShift-Cat-Dog-indoor-outdoor/train/dog/dog(outdoor)/2400374.jpg,1,0,0,A person wearing winter clothing snowshoes through a snowy forest while two dogs play nearby.
2184,/restricted/projectnb/batmanlab/shawn24/PhD/Multimodal-mistakes-debug/data/metashift/MetaShift-Cat-Dog-indoor-outdoor/train/dog/dog(outdoor)/2386134.jpg,1,0,0,"A person wearing a helmet and sunglasses is cycling with a dog in the bike's basket, near a tram stop sign. The scene is captured in black and white."
2193,/restricted/projectnb/batmanlab/shawn24/PhD/Multimodal-mistakes-debug/data/metashift/MetaShift-Cat-Dog-indoor-outdoor/train/dog/dog(outdoor)/2396392.jpg,1,0,0,A person wearing a helmet rides a motorcycle with a sidecar that has a small dog sitting inside. The scene takes place on a street with the motorcycle parked near the curb.
2209,/restricted/projectnb/batmanlab/shawn24/PhD/Multimodal-mistakes-debug/data/metashift/MetaShift-Cat-Dog-indoor-outdoor/train/dog/dog(outdoor)/2406584.jpg,1,0,0,"A person is sitting on a rock near a stream, accompanied by a brown dog, surrounded by lush greenery."
2215,/restricted/projectnb/batmanlab/shawn24/PhD/Multimodal-mistakes-debug/data/metashift/MetaShift-Cat-Dog-indoor-outdoor/train/dog/dog(outdoor)/2333443.jpg,1,0,0,"A wet dachshund stands in a bathtub with its tongue out, looking at the camera."
2224,/restricted/projectnb/batmanlab/shawn24/PhD/Multimodal-mistakes-debug/data/metashift/MetaShift-Cat-Dog-indoor-outdoor/train/dog/dog(outdoor)/2347300.jpg,1,0,0,Three people are riding horses along a forest path surrounded by lush greenery and tall trees. The landscape is serene and appears to be part of a wooded mountain area.
2234,/restricted/projectnb/batmanlab/shawn24/PhD/Multimodal-mistakes-debug/data/metashift/MetaShift-Cat-Dog-indoor-outdoor/train/dog/dog(outdoor)/2407435.jpg,1,0,0,"A person in a pink jacket is walking beside a bicycle with a basket, while leading a small dog on a leash down a cobblestone street."
2236,/restricted/projectnb/batmanlab/shawn24/PhD/Multimodal-mistakes-debug/data/metashift/MetaShift-Cat-Dog-indoor-outdoor/train/dog/dog(outdoor)/2338009.jpg,1,0,0,"A dog is walking across a street in an urban area, with buildings and colorful doors in the background. The image has a motion blur effect, emphasizing movement."
2249,/restricted/projectnb/batmanlab/shawn24/PhD/Multimodal-mistakes-debug/data/metashift/MetaShift-Cat-Dog-indoor-outdoor/train/dog/dog(outdoor)/2354036.jpg,1,0,0,A fluffy dog is standing and looking out through a glass door at a tree-filled landscape on a bright day.
2277,/restricted/projectnb/batmanlab/shawn24/PhD/Multimodal-mistakes-debug/data/metashift/MetaShift-Cat-Dog-indoor-outdoor/train/dog/dog(outdoor)/2404204.jpg,1,0,0,"A dog is lying on a park bench at night, with two people walking in the background."
2292,/restricted/projectnb/batmanlab/shawn24/PhD/Multimodal-mistakes-debug/data/metashift/MetaShift-Cat-Dog-indoor-outdoor/train/dog/dog(outdoor)/2319347.jpg,1,0,0,"A small, fluffy dog is wearing a black and white striped outfit with red accents, sitting on a surface, and looking to the side against a nautical backdrop."
2296,/restricted/projectnb/batmanlab/shawn24/PhD/Multimodal-mistakes-debug/data/metashift/MetaShift-Cat-Dog-indoor-outdoor/train/dog/dog(outdoor)/2391972.jpg,1,0,0,"A dog with black and white markings is sitting on a red platform, next to a black bucket and various equipment."
2300,/restricted/projectnb/batmanlab/shawn24/PhD/Multimodal-mistakes-debug/data/metashift/MetaShift-Cat-Dog-indoor-outdoor/train/dog/dog(outdoor)/2365756.jpg,1,0,0,"A dog with curly fur is joyfully sticking its head out of a car window, with its tongue out while a suburban street scene unfolds in the background."
2312,/restricted/projectnb/batmanlab/shawn24/PhD/Multimodal-mistakes-debug/data/metashift/MetaShift-Cat-Dog-indoor-outdoor/train/dog/dog(outdoor)/2349288.jpg,1,0,0,"A person walks a dog along a sandy beach with gentle waves approaching the shore. The sky is clear, creating a serene seaside scene."
2315,/restricted/projectnb/batmanlab/shawn24/PhD/Multimodal-mistakes-debug/data/metashift/MetaShift-Cat-Dog-indoor-outdoor/train/dog/dog(outdoor)/2341393.jpg,1,0,0,"A dog wearing a green and black backpack is standing on a rock in a stream, attached to a red leash. The scene is outdoors with visible rocks and flowing water."
2326,/restricted/projectnb/batmanlab/shawn24/PhD/Multimodal-mistakes-debug/data/metashift/MetaShift-Cat-Dog-indoor-outdoor/train/dog/dog(outdoor)/2333861.jpg,1,0,0,"A person is flying a kite during sunset, with a backdrop of a scenic sky and silhouetted trees."
2342,/restricted/projectnb/batmanlab/shawn24/PhD/Multimodal-mistakes-debug/data/metashift/MetaShift-Cat-Dog-indoor-outdoor/train/dog/dog(outdoor)/2398506.jpg,1,0,0,A brown and white dog walks near a puddle while a white horse grazes in the background on a grassy area.
2344,/restricted/projectnb/batmanlab/shawn24/PhD/Multimodal-mistakes-debug/data/metashift/MetaShift-Cat-Dog-indoor-outdoor/train/dog/dog(outdoor)/2322427.jpg,1,0,0,A golden retriever is walking along a beach with a frisbee in its mouth.
2360,/restricted/projectnb/batmanlab/shawn24/PhD/Multimodal-mistakes-debug/data/metashift/MetaShift-Cat-Dog-indoor-outdoor/train/dog/dog(outdoor)/2382281.jpg,1,0,0,A shepherd and a dog are herding a flock of sheep near a muddy riverbank in a grassy area.
2364,/restricted/projectnb/batmanlab/shawn24/PhD/Multimodal-mistakes-debug/data/metashift/MetaShift-Cat-Dog-indoor-outdoor/train/dog/dog(outdoor)/2405432.jpg,1,0,0,"A dog is in motion, enthusiastically chasing a yellow ball in a grassy yard. The background shows a fenced area with potted plants."
2367,/restricted/projectnb/batmanlab/shawn24/PhD/Multimodal-mistakes-debug/data/metashift/MetaShift-Cat-Dog-indoor-outdoor/train/dog/dog(outdoor)/2339024.jpg,1,0,0,A dog sits on a snowy landscape by the sea under a clear blue sky. The scene includes a distant shoreline and a wooden bench covered in snow.
2372,/restricted/projectnb/batmanlab/shawn24/PhD/Multimodal-mistakes-debug/data/metashift/MetaShift-Cat-Dog-indoor-outdoor/train/dog/dog(outdoor)/2340388.jpg,1,0,0,"The image shows a dog lying on a sandy, mixed terrain road, looking upward. The surrounding area is rural and grassy."
2384,/restricted/projectnb/batmanlab/shawn24/PhD/Multimodal-mistakes-debug/data/metashift/MetaShift-Cat-Dog-indoor-outdoor/train/dog/dog(outdoor)/2409721.jpg,1,0,0,A person with a dog stands on a beach with kite surfers in the ocean.
2386,/restricted/projectnb/batmanlab/shawn24/PhD/Multimodal-mistakes-debug/data/metashift/MetaShift-Cat-Dog-indoor-outdoor/train/dog/dog(outdoor)/2399677.jpg,1,0,0,"A small dog is taking a bite of pizza from a person's hand. The person is sitting with their legs crossed, wearing denim shorts and sneakers."
2388,/restricted/projectnb/batmanlab/shawn24/PhD/Multimodal-mistakes-debug/data/metashift/MetaShift-Cat-Dog-indoor-outdoor/train/dog/dog(outdoor)/2356877.jpg,1,0,0,"A dog leaps into the air to catch a frisbee while an individual crouches on the grass, holding another frisbee."
2399,/restricted/projectnb/batmanlab/shawn24/PhD/Multimodal-mistakes-debug/data/metashift/MetaShift-Cat-Dog-indoor-outdoor/train/dog/dog(outdoor)/2375428.jpg,1,0,0,"A fluffy white dog is sitting inside a vehicle, looking out of the window on a snowy day."
2405,/restricted/projectnb/batmanlab/shawn24/PhD/Multimodal-mistakes-debug/data/metashift/MetaShift-Cat-Dog-indoor-outdoor/train/dog/dog(outdoor)/2388375.jpg,1,0,0,"A narrow building with a green exterior features a vivid blue door and a large window. A dog is sitting inside, visible through the window curtains."
2414,/restricted/projectnb/batmanlab/shawn24/PhD/Multimodal-mistakes-debug/data/metashift/MetaShift-Cat-Dog-indoor-outdoor/train/dog/dog(outdoor)/2415617.jpg,1,0,0,"A couple is sitting on a bench outdoors with a fluffy dog. They are both smiling and wearing sunglasses, with the man in a hat and the woman holding the dog's leash."
2427,/restricted/projectnb/batmanlab/shawn24/PhD/Multimodal-mistakes-debug/data/metashift/MetaShift-Cat-Dog-indoor-outdoor/train/dog/dog(outdoor)/2336811.jpg,1,0,0,"A small brown dog is lying on a stone surface in the sun, with a bottle of wine in the background."
2437,/restricted/projectnb/batmanlab/shawn24/PhD/Multimodal-mistakes-debug/data/metashift/MetaShift-Cat-Dog-indoor-outdoor/test/cat/cat(outdoor)/2331234.jpg,1,1,0,"A cat sits on a windowsill behind a large window framed by brick walls, with leafy trees in front and an awning above."
2441,/restricted/projectnb/batmanlab/shawn24/PhD/Multimodal-mistakes-debug/data/metashift/MetaShift-Cat-Dog-indoor-outdoor/test/cat/cat(outdoor)/2371538.jpg,1,1,0,Two cats are lounging on zebra-patterned seat covers inside a car.
2454,/restricted/projectnb/batmanlab/shawn24/PhD/Multimodal-mistakes-debug/data/metashift/MetaShift-Cat-Dog-indoor-outdoor/test/cat/cat(outdoor)/2320534.jpg,1,1,0,"The image shows two zebras standing side by side in a sunlit, wooded area. One zebra faces forward while the other is turned away, casting shadows on the ground."
2471,/restricted/projectnb/batmanlab/shawn24/PhD/Multimodal-mistakes-debug/data/metashift/MetaShift-Cat-Dog-indoor-outdoor/test/cat/cat(outdoor)/2340693.jpg,1,1,0,"The image shows two cats resting underneath a parked car, with one being black and the other a mix of white and black."
2473,/restricted/projectnb/batmanlab/shawn24/PhD/Multimodal-mistakes-debug/data/metashift/MetaShift-Cat-Dog-indoor-outdoor/test/cat/cat(outdoor)/2327773.jpg,1,1,0,The image shows a collage of sheep and long-haired cats in a grassy outdoor setting. The animals appear relaxed and are presented in various poses and close-ups.
2508,/restricted/projectnb/batmanlab/shawn24/PhD/Multimodal-mistakes-debug/data/metashift/MetaShift-Cat-Dog-indoor-outdoor/test/cat/cat(outdoor)/2411491.jpg,1,1,0,"A white cat is sitting on the windowsill of a car, while a woman inside the car is taking a photo with a digital camera."
2520,/restricted/projectnb/batmanlab/shawn24/PhD/Multimodal-mistakes-debug/data/metashift/MetaShift-Cat-Dog-indoor-outdoor/test/cat/cat(outdoor)/2351697.jpg,1,1,0,"Water is gushing from an underground pipe onto a street next to a construction barrel, with a ""Warning: Surface Pipes and Hoses"" sign nearby."
2521,/restricted/projectnb/batmanlab/shawn24/PhD/Multimodal-mistakes-debug/data/metashift/MetaShift-Cat-Dog-indoor-outdoor/test/cat/cat(outdoor)/2339150.jpg,1,1,0,Two cats are exploring near a barbecue grill and a purple plate on the grass.
2524,/restricted/projectnb/batmanlab/shawn24/PhD/Multimodal-mistakes-debug/data/metashift/MetaShift-Cat-Dog-indoor-outdoor/test/cat/cat(outdoor)/2354651.jpg,1,1,0,"A cat is sitting inside by a glass door, looking at another cat outside on a wooden deck. The outside cat is lying down on the deck in a relaxed pose."
2532,/restricted/projectnb/batmanlab/shawn24/PhD/Multimodal-mistakes-debug/data/metashift/MetaShift-Cat-Dog-indoor-outdoor/test/cat/cat(outdoor)/2347567.jpg,1,1,0,"The image depicts a cozy living room scene with two cats, one sitting on an ottoman and the other on the floor, surrounded by warm lighting and furniture."
2537,/restricted/projectnb/batmanlab/shawn24/PhD/Multimodal-mistakes-debug/data/metashift/MetaShift-Cat-Dog-indoor-outdoor/test/cat/cat(outdoor)/2374424.jpg,1,1,0,A black cat is sleeping peacefully on a wooden bench with decorative ironwork in the background.
2569,/restricted/projectnb/batmanlab/shawn24/PhD/Multimodal-mistakes-debug/data/metashift/MetaShift-Cat-Dog-indoor-outdoor/test/cat/cat(outdoor)/2373661.jpg,1,1,0,"A cat sits in front of a grand black door with the number 10, adorned with festive bunting, set against a brick building."
2572,/restricted/projectnb/batmanlab/shawn24/PhD/Multimodal-mistakes-debug/data/metashift/MetaShift-Cat-Dog-indoor-outdoor/test/cat/cat(outdoor)/2317740.jpg,1,1,0,"A red Mazda Proteg is driving on a snowy road with a dog in the backseat, gazing out the window. The car's license plate appears partially obscured."
2581,/restricted/projectnb/batmanlab/shawn24/PhD/Multimodal-mistakes-debug/data/metashift/MetaShift-Cat-Dog-indoor-outdoor/test/cat/cat(outdoor)/2389641.jpg,1,1,0,"A cat sits behind a glass door, gazing outside, while a car and greenery are reflected in the glass."
2588,/restricted/projectnb/batmanlab/shawn24/PhD/Multimodal-mistakes-debug/data/metashift/MetaShift-Cat-Dog-indoor-outdoor/test/cat/cat(outdoor)/2416473.jpg,1,1,0,"A person wearing a dark jacket and hat sits on a curved bench near a waterfront, accompanied by two cats sitting nearby."
2591,/restricted/projectnb/batmanlab/shawn24/PhD/Multimodal-mistakes-debug/data/metashift/MetaShift-Cat-Dog-indoor-outdoor/test/cat/cat(outdoor)/2416026.jpg,1,1,0,"The image shows two cats sitting near a bright window, one indoors and the other outside on the ledge, with a street view in the background."
2595,/restricted/projectnb/batmanlab/shawn24/PhD/Multimodal-mistakes-debug/data/metashift/MetaShift-Cat-Dog-indoor-outdoor/test/cat/cat(outdoor)/2334534.jpg,1,1,0,"The image shows a black cat sitting on a road near a parked car and an open van door, with residential buildings in the background."
2598,/restricted/projectnb/batmanlab/shawn24/PhD/Multimodal-mistakes-debug/data/metashift/MetaShift-Cat-Dog-indoor-outdoor/test/cat/cat(outdoor)/2381353.jpg,1,1,0,"A squirrel is sitting on the ground under a metal and wood park bench, surrounded by fallen leaves. The scene is set in a park with grass and trees in the background."
2614,/restricted/projectnb/batmanlab/shawn24/PhD/Multimodal-mistakes-debug/data/metashift/MetaShift-Cat-Dog-indoor-outdoor/test/cat/cat(outdoor)/2406785.jpg,1,1,0,"A cat is near the rear of a parked car with a license plate reading ""HBF 201"" in a parking lot."
2617,/restricted/projectnb/batmanlab/shawn24/PhD/Multimodal-mistakes-debug/data/metashift/MetaShift-Cat-Dog-indoor-outdoor/test/cat/cat(outdoor)/2320210.jpg,1,1,0,The image shows an orange tabby cat interacting with the strap of a black backpack while standing outdoors on a stone surface.
2624,/restricted/projectnb/batmanlab/shawn24/PhD/Multimodal-mistakes-debug/data/metashift/MetaShift-Cat-Dog-indoor-outdoor/test/cat/cat(outdoor)/2372550.jpg,1,1,0,A blue car is parked in front of a house with a cat sitting on its roof near a garden. The scene appears to be in a residential neighborhood.
2627,/restricted/projectnb/batmanlab/shawn24/PhD/Multimodal-mistakes-debug/data/metashift/MetaShift-Cat-Dog-indoor-outdoor/test/cat/cat(outdoor)/2325739.jpg,1,1,0,A black and white image depicts a cat walking on a paved path next to a car with a visible license plate.
2631,/restricted/projectnb/batmanlab/shawn24/PhD/Multimodal-mistakes-debug/data/metashift/MetaShift-Cat-Dog-indoor-outdoor/test/cat/cat(outdoor)/2410796.jpg,1,1,0,"The image shows a kitchen stove with owl-themed decorations, including a ceramic owl and an owl cake, accompanied by retro-style items above the stove."
2634,/restricted/projectnb/batmanlab/shawn24/PhD/Multimodal-mistakes-debug/data/metashift/MetaShift-Cat-Dog-indoor-outdoor/test/cat/cat(outdoor)/2404899.jpg,1,1,0,"A ginger cat with a green collar is sitting inside a car, looking out the window towards a street scene with a store featuring pumpkins on display."
2636,/restricted/projectnb/batmanlab/shawn24/PhD/Multimodal-mistakes-debug/data/metashift/MetaShift-Cat-Dog-indoor-outdoor/test/cat/cat(outdoor)/2320852.jpg,1,1,0,"Two people are skiing on a snowy slope surrounded by trees, with a few buildings in the background."
2640,/restricted/projectnb/batmanlab/shawn24/PhD/Multimodal-mistakes-debug/data/metashift/MetaShift-Cat-Dog-indoor-outdoor/test/cat/cat(outdoor)/2345426.jpg,1,1,0,"Two cats are relaxing on the grass, one inside a pet carrier and the other outside on a leash and harness."
2648,/restricted/projectnb/batmanlab/shawn24/PhD/Multimodal-mistakes-debug/data/metashift/MetaShift-Cat-Dog-indoor-outdoor/test/cat/cat(outdoor)/2333558.jpg,1,1,0,"A person wearing a backpack is interacting with a black cat on a stone fence in a grassy, rural setting."
2670,/restricted/projectnb/batmanlab/shawn24/PhD/Multimodal-mistakes-debug/data/metashift/MetaShift-Cat-Dog-indoor-outdoor/test/cat/cat(outdoor)/2321807.jpg,1,1,0,"A cat with a raised tail is standing on the back of a car, with a grassy area and trees in the background."
2671,/restricted/projectnb/batmanlab/shawn24/PhD/Multimodal-mistakes-debug/data/metashift/MetaShift-Cat-Dog-indoor-outdoor/test/cat/cat(outdoor)/2343385.jpg,1,1,0,"A cat crouches against a wall, holding a prey in its mouth. The scene features muted earthy tones."
2703,/restricted/projectnb/batmanlab/shawn24/PhD/Multimodal-mistakes-debug/data/metashift/MetaShift-Cat-Dog-indoor-outdoor/test/cat/cat(outdoor)/2351221.jpg,1,1,0,A cat walks down the middle of a parking lot surrounded by parked cars in a residential area. The scene is depicted in black and white.
2713,/restricted/projectnb/batmanlab/shawn24/PhD/Multimodal-mistakes-debug/data/metashift/MetaShift-Cat-Dog-indoor-outdoor/test/cat/cat(outdoor)/2362090.jpg,1,1,0,"Two cats sit on a windowsill, looking out at a view of houses and trees."
2715,/restricted/projectnb/batmanlab/shawn24/PhD/Multimodal-mistakes-debug/data/metashift/MetaShift-Cat-Dog-indoor-outdoor/test/cat/cat(outdoor)/2415721.jpg,1,1,0,A cat is sitting on the hood of a black Mercedes-Benz car parked outside a building. The car's hood reflects the surrounding greenery and building.
2718,/restricted/projectnb/batmanlab/shawn24/PhD/Multimodal-mistakes-debug/data/metashift/MetaShift-Cat-Dog-indoor-outdoor/test/cat/cat(outdoor)/2317626.jpg,1,1,0,"A sheep and a cat are standing together near the door of a red barn, surrounded by snow. The sheep appears to be sniffing the cat."
2727,/restricted/projectnb/batmanlab/shawn24/PhD/Multimodal-mistakes-debug/data/metashift/MetaShift-Cat-Dog-indoor-outdoor/test/dog/dog(indoor)/2339756.jpg,1,0,1,A man is sitting on a couch next to a dog in a living room with a coffee table in front of him. The table has various items like remote controls and books.
2729,/restricted/projectnb/batmanlab/shawn24/PhD/Multimodal-mistakes-debug/data/metashift/MetaShift-Cat-Dog-indoor-outdoor/test/dog/dog(indoor)/2388519.jpg,1,0,1,A dog is sleeping comfortably on a bed next to a plaid sofa with a floral cushion in the background.
2740,/restricted/projectnb/batmanlab/shawn24/PhD/Multimodal-mistakes-debug/data/metashift/MetaShift-Cat-Dog-indoor-outdoor/test/dog/dog(indoor)/2347216.jpg,1,0,1,"A person is sitting on the floor, reading or writing, with a laptop in front of them; the room has posters on the wall and a bed with mismatched bedding."
2747,/restricted/projectnb/batmanlab/shawn24/PhD/Multimodal-mistakes-debug/data/metashift/MetaShift-Cat-Dog-indoor-outdoor/test/dog/dog(indoor)/2326587.jpg,1,0,1,"A large brindle dog is lying on a blue blanket, holding an object in its mouth. The room has a beige interior with a partially open door in the background."
2778,/restricted/projectnb/batmanlab/shawn24/PhD/Multimodal-mistakes-debug/data/metashift/MetaShift-Cat-Dog-indoor-outdoor/test/dog/dog(indoor)/2388320.jpg,1,0,1,"A dog is lying on the floor, resting its head on a fluffy white toy."
2779,/restricted/projectnb/batmanlab/shawn24/PhD/Multimodal-mistakes-debug/data/metashift/MetaShift-Cat-Dog-indoor-outdoor/test/dog/dog(indoor)/2317981.jpg,1,0,1,"A person is riding a bicycle with a dog at their side, crossing a street at a traffic light intersection. The sky is overcast with visible traffic signals in the background."
2781,/restricted/projectnb/batmanlab/shawn24/PhD/Multimodal-mistakes-debug/data/metashift/MetaShift-Cat-Dog-indoor-outdoor/test/dog/dog(indoor)/2407171.jpg,1,0,1,"A dog is standing inside a house, looking out through a large window framed by curtains and a stone wall."
2786,/restricted/projectnb/batmanlab/shawn24/PhD/Multimodal-mistakes-debug/data/metashift/MetaShift-Cat-Dog-indoor-outdoor/test/dog/dog(indoor)/2352998.jpg,1,0,1,"A large, fluffy black dog is lying on a blue carpet, playing with a white plush toy, while a person's legs are visible nearby."
2814,/restricted/projectnb/batmanlab/shawn24/PhD/Multimodal-mistakes-debug/data/metashift/MetaShift-Cat-Dog-indoor-outdoor/test/dog/dog(indoor)/2369749.jpg,1,0,1,"A person is lying on a sofa with two dogs, in a room decorated with maps and posters. The space has a modern, casual vibe with books and a round table nearby."
2816,/restricted/projectnb/batmanlab/shawn24/PhD/Multimodal-mistakes-debug/data/metashift/MetaShift-Cat-Dog-indoor-outdoor/test/dog/dog(indoor)/2413278.jpg,1,0,1,"A dog wearing sunglasses and a bandana is seated on a stationary motorcycle, with a person standing nearby on a brick pavement."
2840,/restricted/projectnb/batmanlab/shawn24/PhD/Multimodal-mistakes-debug/data/metashift/MetaShift-Cat-Dog-indoor-outdoor/test/dog/dog(indoor)/2402349.jpg,1,0,1,A black dog is comfortably resting its head on a green dog bed in a room with red carpet and furniture.
2870,/restricted/projectnb/batmanlab/shawn24/PhD/Multimodal-mistakes-debug/data/metashift/MetaShift-Cat-Dog-indoor-outdoor/test/dog/dog(indoor)/2326888.jpg,1,0,1,"A black dog is standing indoors, holding a turquoise frisbee in its mouth."
2893,/restricted/projectnb/batmanlab/shawn24/PhD/Multimodal-mistakes-debug/data/metashift/MetaShift-Cat-Dog-indoor-outdoor/test/dog/dog(indoor)/2413634.jpg,1,0,1,A dog with a pink bandana stands on grass near a metal water bowl in a sunny park setting.
2896,/restricted/projectnb/batmanlab/shawn24/PhD/Multimodal-mistakes-debug/data/metashift/MetaShift-Cat-Dog-indoor-outdoor/test/dog/dog(indoor)/2382687.jpg,1,0,1,"A small white dog is sitting in a bike trailer attached to a bicycle, parked on a brick pavement."
2910,/restricted/projectnb/batmanlab/shawn24/PhD/Multimodal-mistakes-debug/data/metashift/MetaShift-Cat-Dog-indoor-outdoor/test/dog/dog(indoor)/2325910.jpg,1,0,1,A fluffy dog sits on the snow-covered ground next to a yellow house with metal patio furniture.
2914,/restricted/projectnb/batmanlab/shawn24/PhD/Multimodal-mistakes-debug/data/metashift/MetaShift-Cat-Dog-indoor-outdoor/test/dog/dog(indoor)/2415132.jpg,1,0,1,A bulldog is looking at its reflection in a mirror inside a room with a bed in the background. The dog appears curious or interested in its mirrored image.
2915,/restricted/projectnb/batmanlab/shawn24/PhD/Multimodal-mistakes-debug/data/metashift/MetaShift-Cat-Dog-indoor-outdoor/test/dog/dog(indoor)/2373955.jpg,1,0,1,"A person is sitting on a couch with two large, furry dogs; one dog is wearing a hat."
2918,/restricted/projectnb/batmanlab/shawn24/PhD/Multimodal-mistakes-debug/data/metashift/MetaShift-Cat-Dog-indoor-outdoor/test/dog/dog(indoor)/2377531.jpg,1,0,1,A person is sitting inside a rustic room with wooden furniture and a dog nearby. The setting appears casual and relaxed.
2947,/restricted/projectnb/batmanlab/shawn24/PhD/Multimodal-mistakes-debug/data/metashift/MetaShift-Cat-Dog-indoor-outdoor/test/dog/dog(indoor)/2339238.jpg,1,0,1,"A small dog wearing a red tie with white hearts stands on a red couch, with a blurred Christmas tree in the background."
2962,/restricted/projectnb/batmanlab/shawn24/PhD/Multimodal-mistakes-debug/data/metashift/MetaShift-Cat-Dog-indoor-outdoor/test/dog/dog(indoor)/2349664.jpg,1,0,1,"A black dog with white markings is sitting on a bed in a warmly lit room, with pillows and a lamp nearby."
2976,/restricted/projectnb/batmanlab/shawn24/PhD/Multimodal-mistakes-debug/data/metashift/MetaShift-Cat-Dog-indoor-outdoor/test/dog/dog(indoor)/2390214.jpg,1,0,1,A dog is sitting on a chair in a room with green walls and a round table nearby. The scene has a relaxed and cozy atmosphere.
2984,/restricted/projectnb/batmanlab/shawn24/PhD/Multimodal-mistakes-debug/data/metashift/MetaShift-Cat-Dog-indoor-outdoor/test/dog/dog(indoor)/713442.jpg,1,0,1,A dog is standing near a table set for a party with a blue cake and party hats. There is a colorful playground slide in the background.
2986,/restricted/projectnb/batmanlab/shawn24/PhD/Multimodal-mistakes-debug/data/metashift/MetaShift-Cat-Dog-indoor-outdoor/test/dog/dog(indoor)/2315589.jpg,1,0,1,"Two dogs, one black and one brown, are standing on a black and white checkered floor next to a person's legs."
3018,/restricted/projectnb/batmanlab/shawn24/PhD/Multimodal-mistakes-debug/data/metashift/MetaShift-Cat-Dog-indoor-outdoor/test/dog/dog(indoor)/2376173.jpg,1,0,1,"A sunlit loft features large windows, leather couches, a desk with computers, and a green rug, creating a cozy, industrial-chic atmosphere."
3025,/restricted/projectnb/batmanlab/shawn24/PhD/Multimodal-mistakes-debug/data/metashift/MetaShift-Cat-Dog-indoor-outdoor/test/dog/dog(indoor)/2372308.jpg,1,0,1,"A black poodle is comfortably lying on a bed with patterned sheets and a pillow, wearing a red collar with tags."
3032,/restricted/projectnb/batmanlab/shawn24/PhD/Multimodal-mistakes-debug/data/metashift/MetaShift-Cat-Dog-indoor-outdoor/test/dog/dog(indoor)/2370203.jpg,1,0,1,A Labrador Retriever rests peacefully under a desk while a person sits nearby with their feet on a chair's footrest.
3036,/restricted/projectnb/batmanlab/shawn24/PhD/Multimodal-mistakes-debug/data/metashift/MetaShift-Cat-Dog-indoor-outdoor/test/dog/dog(indoor)/2363812.jpg,1,0,1,A person with painted toenails is relaxing on a couch with a dachshund lying on their legs in a cozy living room setting.
3040,/restricted/projectnb/batmanlab/shawn24/PhD/Multimodal-mistakes-debug/data/metashift/MetaShift-Cat-Dog-indoor-outdoor/test/dog/dog(indoor)/2322086.jpg,1,0,1,"A black and white dog is lying on a carpeted floor, looking to the side with a couch and blanket in the background."
3044,/restricted/projectnb/batmanlab/shawn24/PhD/Multimodal-mistakes-debug/data/metashift/MetaShift-Cat-Dog-indoor-outdoor/test/dog/dog(indoor)/2369402.jpg,1,0,1,A dog is sitting on a wooden floor with a vase of red flowers balanced on its head. There are books on a nearby shelf in the background.
3071,/restricted/projectnb/batmanlab/shawn24/PhD/Multimodal-mistakes-debug/data/metashift/MetaShift-Cat-Dog-indoor-outdoor/test/dog/dog(indoor)/2350379.jpg,1,0,1,"A small dog wearing an orange life jacket is sitting on a boat near the stern, surrounded by nautical gear and a blue canopy."
3072,/restricted/projectnb/batmanlab/shawn24/PhD/Multimodal-mistakes-debug/data/metashift/MetaShift-Cat-Dog-indoor-outdoor/test/dog/dog(indoor)/2413586.jpg,1,0,1,"A group of people is gathered in a cozy, warmly lit kitchen, with a table set for a meal, and someone preparing food by the counter. A dog is standing nearby watching the activity."
3087,/restricted/projectnb/batmanlab/shawn24/PhD/Multimodal-mistakes-debug/data/metashift/MetaShift-Cat-Dog-indoor-outdoor/test/dog/dog(indoor)/2326904.jpg,1,0,1,A dog is jumping in the air to catch a pink frisbee in a grassy field. A chair and some equipment are in the background.
3101,/restricted/projectnb/batmanlab/shawn24/PhD/Multimodal-mistakes-debug/data/metashift/MetaShift-Cat-Dog-indoor-outdoor/test/dog/dog(indoor)/2362800.jpg,1,0,1,A white refrigerator with magnets stands prominently in front of classic paintings in a gallery setting.
3105,/restricted/projectnb/batmanlab/shawn24/PhD/Multimodal-mistakes-debug/data/metashift/MetaShift-Cat-Dog-indoor-outdoor/test/dog/dog(indoor)/2408210.jpg,1,0,1,"Two large, shaggy dogs are lying on a patterned couch, appearing relaxed and asleep."
3106,/restricted/projectnb/batmanlab/shawn24/PhD/Multimodal-mistakes-debug/data/metashift/MetaShift-Cat-Dog-indoor-outdoor/test/dog/dog(indoor)/2395100.jpg,1,0,1,"A cozy living room with warm lighting features a blue couch with a dog, a lit lamp, a television displaying a cartoon, and an array of decor items."
3128,/restricted/projectnb/batmanlab/shawn24/PhD/Multimodal-mistakes-debug/data/metashift/MetaShift-Cat-Dog-indoor-outdoor/test/dog/dog(indoor)/2316786.jpg,1,0,1,"Two people are relaxing on a bed, with one person sitting up and the other reclining, surrounded by a cozy indoor setting."
3149,/restricted/projectnb/batmanlab/shawn24/PhD/Multimodal-mistakes-debug/data/metashift/MetaShift-Cat-Dog-indoor-outdoor/test/dog/dog(indoor)/2378155.jpg,1,0,1,"A large dog is looking out of an open window surrounded by flower boxes on a wooden building. A sign below the window says ""Barvy."""
3152,/restricted/projectnb/batmanlab/shawn24/PhD/Multimodal-mistakes-debug/data/metashift/MetaShift-Cat-Dog-indoor-outdoor/test/dog/dog(indoor)/2383220.jpg,1,0,1,"A large dog and a puppy sit attentively on a kitchen floor, looking up at someone near a stove."
3199,/restricted/projectnb/batmanlab/shawn24/PhD/Multimodal-mistakes-debug/data/metashift/MetaShift-Cat-Dog-indoor-outdoor/test/dog/dog(indoor)/2365586.jpg,1,0,1,"The image shows a laptop on a wooden table in front of a TV displaying a sports game, with a drink and a smartphone nearby."
3211,/restricted/projectnb/batmanlab/shawn24/PhD/Multimodal-mistakes-debug/data/metashift/MetaShift-Cat-Dog-indoor-outdoor/test/dog/dog(indoor)/2394647.jpg,1,0,1,"The image shows a person sitting on a bed, dressed in a green shirt and plaid pajama pants, holding a toothbrush. The room is softly lit with white curtains in the background."
3213,/restricted/projectnb/batmanlab/shawn24/PhD/Multimodal-mistakes-debug/data/metashift/MetaShift-Cat-Dog-indoor-outdoor/test/dog/dog(indoor)/2404862.jpg,1,0,1,"A person and a dog, both partially colored, are sitting on a couch and footstool respectively, watching television in a mostly black-and-white room."
3216,/restricted/projectnb/batmanlab/shawn24/PhD/Multimodal-mistakes-debug/data/metashift/MetaShift-Cat-Dog-indoor-outdoor/test/dog/dog(indoor)/2356624.jpg,1,0,1,"A woman in vintage attire is seated on a chair, with a dog resting its paws on her lap in an old-fashioned studio setting."
3218,/restricted/projectnb/batmanlab/shawn24/PhD/Multimodal-mistakes-debug/data/metashift/MetaShift-Cat-Dog-indoor-outdoor/test/dog/dog(indoor)/2372091.jpg,1,0,1,"A dog with a black and brown coat sits on a wooden bench in an outdoor setting, with people and bicycles in the background."
3219,/restricted/projectnb/batmanlab/shawn24/PhD/Multimodal-mistakes-debug/data/metashift/MetaShift-Cat-Dog-indoor-outdoor/test/dog/dog(indoor)/2333871.jpg,1,0,1,"A woman is holding a muppet-like puppet, and a dog is standing on hind legs, seemingly interacting with her in a living room setting."
3225,/restricted/projectnb/batmanlab/shawn24/PhD/Multimodal-mistakes-debug/data/metashift/MetaShift-Cat-Dog-indoor-outdoor/test/dog/dog(indoor)/2339341.jpg,1,0,1,A cow and two dogs are walking along a sandy beach near the ocean shoreline.
3227,/restricted/projectnb/batmanlab/shawn24/PhD/Multimodal-mistakes-debug/data/metashift/MetaShift-Cat-Dog-indoor-outdoor/test/dog/dog(indoor)/2371402.jpg,1,0,1,"A reflection in a mirror shows two people sitting on a bed in a room with blue walls, a dresser with candles, and decorative items. Clothes are scattered on the dresser."
3228,/restricted/projectnb/batmanlab/shawn24/PhD/Multimodal-mistakes-debug/data/metashift/MetaShift-Cat-Dog-indoor-outdoor/test/dog/dog(indoor)/2354494.jpg,1,0,1,"A person is lying on a couch with a dog resting comfortably next to them. The setting appears to be a casual, indoor living space."
3234,/restricted/projectnb/batmanlab/shawn24/PhD/Multimodal-mistakes-debug/data/metashift/MetaShift-Cat-Dog-indoor-outdoor/test/dog/dog(indoor)/2408755.jpg,1,0,1,"A man and a dog are lying on a bed, both covered with a blanket. The dog is comfortably snuggled in the bedding beside the man."
3238,/restricted/projectnb/batmanlab/shawn24/PhD/Multimodal-mistakes-debug/data/metashift/MetaShift-Cat-Dog-indoor-outdoor/test/dog/dog(indoor)/2335451.jpg,1,0,1,"The image shows two hot dogs topped with mustard, sauerkraut, and possibly ketchup inside soft buns. They are placed on a yellow background."
3285,/restricted/projectnb/batmanlab/shawn24/PhD/Multimodal-mistakes-debug/data/metashift/MetaShift-Cat-Dog-indoor-outdoor/test/dog/dog(indoor)/2359349.jpg,1,0,1,A fluffy white dog is eating a decorated cookie from a plate on a wooden floor.
3286,/restricted/projectnb/batmanlab/shawn24/PhD/Multimodal-mistakes-debug/data/metashift/MetaShift-Cat-Dog-indoor-outdoor/test/dog/dog(indoor)/2355391.jpg,1,0,1,"A black dog with an orange scarf is lying on a patterned cushion, playing with a purple toy."
3291,/restricted/projectnb/batmanlab/shawn24/PhD/Multimodal-mistakes-debug/data/metashift/MetaShift-Cat-Dog-indoor-outdoor/test/dog/dog(indoor)/2395402.jpg,1,0,1,"A dog is looking out of a car window, reflected in the side mirror, with a scenic town and mountains in the background."
3312,/restricted/projectnb/batmanlab/shawn24/PhD/Multimodal-mistakes-debug/data/metashift/MetaShift-Cat-Dog-indoor-outdoor/test/dog/dog(indoor)/2416652.jpg,1,0,1,A black and white dog is sleeping on a striped sofa with a cushion nearby. The sofa has a pattern of orange and greenish-yellow stripes.
3321,/restricted/projectnb/batmanlab/shawn24/PhD/Multimodal-mistakes-debug/data/metashift/MetaShift-Cat-Dog-indoor-outdoor/test/dog/dog(indoor)/2416796.jpg,1,0,1,"A dog is comfortably lying under a blanket on a bed next to a person. The scene is cozy and relaxed, with the dog appearing to be asleep."
3327,/restricted/projectnb/batmanlab/shawn24/PhD/Multimodal-mistakes-debug/data/metashift/MetaShift-Cat-Dog-indoor-outdoor/test/dog/dog(indoor)/2346390.jpg,1,0,1,"A person is standing in a kitchen holding a small black dog, with pots and pans in the background."
3344,/restricted/projectnb/batmanlab/shawn24/PhD/Multimodal-mistakes-debug/data/metashift/MetaShift-Cat-Dog-indoor-outdoor/test/dog/dog(indoor)/2367351.jpg,1,0,1,"A person in a gray coat is playfully interacting with a small black and white dog on a leash, outdoors on a sidewalk."
3357,/restricted/projectnb/batmanlab/shawn24/PhD/Multimodal-mistakes-debug/data/metashift/MetaShift-Cat-Dog-indoor-outdoor/test/dog/dog(indoor)/2345905.jpg,1,0,1,"A group of people is gathered in a park, some with coffee cups, while a leashed dog stands among them. The background features others walking and sitting in the park."
3359,/restricted/projectnb/batmanlab/shawn24/PhD/Multimodal-mistakes-debug/data/metashift/MetaShift-Cat-Dog-indoor-outdoor/test/dog/dog(indoor)/2343907.jpg,1,0,1,"A fluffy white dog is lying on a tiled kitchen floor, looking at the camera. The room has an oven and a door leading outside."
3360,/restricted/projectnb/batmanlab/shawn24/PhD/Multimodal-mistakes-debug/data/metashift/MetaShift-Cat-Dog-indoor-outdoor/test/dog/dog(indoor)/2366850.jpg,1,0,1,A dog is comfortably lying on a pink patterned folding chair while a person stands nearby.
3373,/restricted/projectnb/batmanlab/shawn24/PhD/Multimodal-mistakes-debug/data/metashift/MetaShift-Cat-Dog-indoor-outdoor/test/dog/dog(indoor)/2376391.jpg,1,0,1,"A dog is lying on a sidewalk near a wall, with a backpack, a bottle, and a hat placed in front of it. The scene suggests a street setting."
3377,/restricted/projectnb/batmanlab/shawn24/PhD/Multimodal-mistakes-debug/data/metashift/MetaShift-Cat-Dog-indoor-outdoor/test/dog/dog(indoor)/2371967.jpg,1,0,1,The image shows a brown and white dog with upright ears sitting on a tiled floor in a room with wooden cabinets.
3387,/restricted/projectnb/batmanlab/shawn24/PhD/Multimodal-mistakes-debug/data/metashift/MetaShift-Cat-Dog-indoor-outdoor/test/dog/dog(indoor)/2390441.jpg,1,0,1,"A person wearing a green t-shirt with ""rival schools"" on it is sitting and looking at the camera, with part of the word ""dish"" visible in the foreground."
3390,/restricted/projectnb/batmanlab/shawn24/PhD/Multimodal-mistakes-debug/data/metashift/MetaShift-Cat-Dog-indoor-outdoor/test/dog/dog(indoor)/2323945.jpg,1,0,1,"A small dog stands on a cluttered desk, looking out the window, with a computer monitor nearby."
3399,/restricted/projectnb/batmanlab/shawn24/PhD/Multimodal-mistakes-debug/data/metashift/MetaShift-Cat-Dog-indoor-outdoor/test/dog/dog(indoor)/2393362.jpg,1,0,1,"A cat is energetically chasing a frisbee in a grassy park, while a person stands in the background holding a frisbee."
3404,/restricted/projectnb/batmanlab/shawn24/PhD/Multimodal-mistakes-debug/data/metashift/MetaShift-Cat-Dog-indoor-outdoor/test/dog/dog(indoor)/2359049.jpg,1,0,1,"A group of people wearing matching pink shirts pose together on a grassy field, some holding a frisbee, suggesting a team activity or sport."
3428,/restricted/projectnb/batmanlab/shawn24/PhD/Multimodal-mistakes-debug/data/metashift/MetaShift-Cat-Dog-indoor-outdoor/test/dog/dog(indoor)/1592555.jpg,1,0,1,"A dog wearing a white shirt is sitting in front of a laptop, appearing to use it."
3430,/restricted/projectnb/batmanlab/shawn24/PhD/Multimodal-mistakes-debug/data/metashift/MetaShift-Cat-Dog-indoor-outdoor/test/dog/dog(indoor)/1592560.jpg,1,0,1,"A person is interacting with a dog in a cozy living room, which features a patterned rug, a television, and a glass door leading outside. The room is decorated with plants and toys."
3443,/restricted/projectnb/batmanlab/shawn24/PhD/Multimodal-mistakes-debug/data/metashift/MetaShift-Cat-Dog-indoor-outdoor/test/dog/dog(indoor)/2335354.jpg,1,0,1,A dog is standing on the floor with its head inside a toilet bowl in a bathroom.
3452,/restricted/projectnb/batmanlab/shawn24/PhD/Multimodal-mistakes-debug/data/metashift/MetaShift-Cat-Dog-indoor-outdoor/test/dog/dog(indoor)/2412940.jpg,1,0,1,"The image shows two dogs cuddled together on a sunlit wooden floor, resting peacefully."
3454,/restricted/projectnb/batmanlab/shawn24/PhD/Multimodal-mistakes-debug/data/metashift/MetaShift-Cat-Dog-indoor-outdoor/test/dog/dog(indoor)/498168.jpg,1,0,1,"A cozy room features two small black and white dogs on a patterned rug, surrounded by furniture and a coffee table with various items."
3465,/restricted/projectnb/batmanlab/shawn24/PhD/Multimodal-mistakes-debug/data/metashift/MetaShift-Cat-Dog-indoor-outdoor/test/dog/dog(indoor)/2377466.jpg,1,0,1,"A cozy living room features a large flat-screen TV showing a singer, with a wooden coffee table and light-colored furnishings. The room has large windows with vertical blinds and a warm, inviting atmosphere."
3474,/restricted/projectnb/batmanlab/shawn24/PhD/Multimodal-mistakes-debug/data/metashift/MetaShift-Cat-Dog-indoor-outdoor/test/dog/dog(indoor)/2383718.jpg,1,0,1,"A dog is peacefully sleeping beside a plush toy, both resting comfortably on a soft surface."
3476,/restricted/projectnb/batmanlab/shawn24/PhD/Multimodal-mistakes-debug/data/metashift/MetaShift-Cat-Dog-indoor-outdoor/test/dog/dog(indoor)/2323280.jpg,1,0,1,"People and their dogs are gathered under red Coca-Cola umbrellas at an outdoor event, with a large dog-themed mural in the background."
3482,/restricted/projectnb/batmanlab/shawn24/PhD/Multimodal-mistakes-debug/data/metashift/MetaShift-Cat-Dog-indoor-outdoor/test/dog/dog(indoor)/2379316.jpg,1,0,1,"A small dog is sitting inside a mesh pet carrier on wheels. Nearby, a person in shorts and sneakers is standing."
3495,/restricted/projectnb/batmanlab/shawn24/PhD/Multimodal-mistakes-debug/data/metashift/MetaShift-Cat-Dog-indoor-outdoor/test/dog/dog(indoor)/2381848.jpg,1,0,1,"A small kitten and a large dog are playfully interacting on a carpeted floor, with the kitten holding a toy."
